subject,start_sec,end_sec,window_sec,step_sec,bvp_mean,bvp_std,bvp_min,bvp_max,bvp_range,original_label,label,label_purity
S10,90,150,60,30,0.19625781250000027,67.67957209328682,-274.47,272.99,547.46,1,0,0.9523809523809523
S10,120,180,60,30,0.016989583333333304,51.87755922201068,-264.71,272.99,537.7,1,0,1.0
S10,150,210,60,30,-0.15736197916666703,50.79651688502098,-324.07,474.78,798.8499999999999,1,0,1.0
S10,180,240,60,30,-0.019799479166666845,55.60722319112419,-324.07,474.78,798.8499999999999,1,0,1.0
S10,210,270,60,30,0.04220052083333334,31.889527719182354,-228.88,192.97,421.85,1,0,1.0
S10,240,300,60,30,0.0424479166666667,27.216545355556008,-164.54,218.67,383.21,1,0,1.0
S10,270,330,60,30,0.023072916666666703,27.541728650678408,-164.54,218.67,383.21,1,0,1.0
S10,300,360,60,30,0.7066276041666666,33.18182328500909,-223.24,370.41,593.6500000000001,1,0,1.0
S10,330,390,60,30,-0.01719531250000017,35.5746247355673,-223.24,370.41,593.6500000000001,1,0,1.0
S10,360,420,60,30,-0.5836119791666668,48.32080298801677,-344.41,287.78,632.19,1,0,1.0
S10,390,450,60,30,-0.014403645833333497,60.95118684719652,-344.41,287.78,632.19,1,0,1.0
S10,420,480,60,30,0.3817682291666665,43.52391804757365,-202.55,234.94,437.49,1,0,1.0
S10,450,510,60,30,-0.00543749999999991,25.988656521208323,-164.72,227.87,392.59000000000003,1,0,1.0
S10,480,540,60,30,-0.5347109374999999,51.73194088248116,-310.99,231.55,542.54,1,0,1.0
S10,510,570,60,30,-0.051226562500000065,48.18567593316679,-310.99,231.55,542.54,1,0,1.0
S10,540,600,60,30,0.34353124999999984,35.80833452038818,-236.6,270.19,506.78999999999996,1,0,1.0
S10,570,630,60,30,0.027148437499999765,62.0578814160858,-236.6,317.07,553.67,1,0,1.0
S10,600,660,60,30,0.4423776041666665,55.936121596127755,-233.45,317.07,550.52,1,0,1.0
S10,630,690,60,30,0.14374218750000042,52.34505386665797,-282.75,348.22,630.97,1,0,1.0
S10,660,720,60,30,-0.7818151041666658,57.02935685362135,-282.75,348.22,630.97,1,0,1.0
S10,690,750,60,30,-0.33270312499999977,63.32189940211074,-284.51,281.11,565.62,1,0,1.0
S10,720,780,60,30,0.11966145833333286,62.254272047938386,-284.51,260.64,545.15,1,0,1.0
S10,750,810,60,30,0.2517135416666664,37.54125481388808,-227.12,171.74,398.86,1,0,1.0
S10,780,840,60,30,-0.12980989583333388,56.88157776651991,-315.91,325.08,640.99,1,0,1.0
S10,810,870,60,30,-0.1357343750000006,70.18866985320905,-315.91,325.08,640.99,1,0,1.0
S10,840,900,60,30,0.1620546874999997,70.12026983246155,-319.3,284.7,604.0,1,0,1.0
S10,870,930,60,30,0.06933593749999985,52.466214541693994,-319.3,236.58,555.88,1,0,1.0
S10,900,960,60,30,-0.21413020833333327,40.465070832418284,-321.73,259.9,581.63,1,0,1.0
S10,930,990,60,30,0.07228124999999998,41.71354348727339,-321.73,259.9,581.63,1,0,1.0
S10,960,1020,60,30,0.15642708333333344,24.243680121384553,-179.76,206.1,385.86,1,0,1.0
S10,990,1050,60,30,0.16229427083333342,37.18669507142682,-312.82,206.1,518.92,1,0,1.0
S10,1020,1080,60,30,-0.08305468750000003,31.847234574101442,-312.82,179.3,492.12,1,0,1.0
S10,1050,1110,60,30,-0.1870260416666666,8.909058057869446,-24.87,18.7,43.57,1,0,1.0
S10,1080,1140,60,30,-0.12064583333333326,31.236010786323465,-200.22,215.29,415.51,1,0,1.0
S10,1110,1170,60,30,-0.06711458333333316,44.04007168261409,-336.5,215.29,551.79,1,0,1.0
S10,1140,1200,60,30,0.09910156250000018,57.283512541241755,-336.5,250.32,586.8199999999999,1,0,1.0
S10,1170,1230,60,30,-0.038151041666666566,54.60615343852913,-305.55,262.32,567.87,1,0,1.0
S10,1200,1260,60,30,0.013119791666666724,35.95496902023511,-207.43,262.32,469.75,1,0,1.0
S10,1230,1290,60,30,0.11130208333333333,47.28972035575398,-363.24,319.6,682.84,1,0,0.7142857142857143
S10,1590,1650,60,30,0.28437500000000004,17.687248033393768,-45.65,92.77,138.42,3,0,0.9023809523809524
S10,1620,1680,60,30,0.015140625000000055,15.978403694225568,-39.72,24.84,64.56,3,0,1.0
S10,1650,1710,60,30,0.059135416666666676,15.799177054728588,-39.48,28.86,68.34,3,0,1.0
S10,1680,1740,60,30,0.016729166666666698,15.574881401019269,-38.86,31.37,70.23,3,0,1.0
S10,1710,1770,60,30,-0.06950260416666665,16.323576401924683,-40.83,31.37,72.2,3,0,1.0
S10,1740,1800,60,30,-0.012828125000000027,20.788419144883903,-131.69,90.46,222.14999999999998,3,0,1.0
S10,1770,1830,60,30,0.02755989583333333,20.95272987904997,-131.69,90.46,222.14999999999998,3,0,1.0
S10,1800,1860,60,30,0.0022265624999999807,17.346180466812026,-41.37,37.68,79.05,3,0,1.0
S10,1830,1890,60,30,0.00795572916666664,20.17515549333714,-100.25,95.93,196.18,3,0,1.0
S10,1860,1920,60,30,-0.07221093749999999,20.65064500183865,-100.25,95.93,196.18,3,0,1.0
S10,1890,1950,60,30,-0.00013541666666680996,39.351669262989915,-389.53,293.06,682.5899999999999,3,0,1.0
S10,1920,1980,60,30,0.020356770833333204,38.6259686172076,-389.53,293.06,682.5899999999999,3,0,0.7976190476190477
S10,3180,3240,60,30,-0.39149739583333343,85.40600319132831,-522.14,469.3,991.44,2,1,0.7857380952380952
S10,3210,3270,60,30,0.19290885416666678,54.22812568890129,-279.7,283.91,563.61,2,1,1.0
S10,3240,3300,60,30,0.21177343750000027,51.65669287071419,-279.7,283.85,563.55,2,1,1.0
S10,3270,3330,60,30,-0.3289713541666663,56.01179175665465,-363.09,283.11,646.2,2,1,1.0
S10,3300,3360,60,30,0.2055000000000002,75.03210855756187,-363.09,289.16,652.25,2,1,1.0
S10,3330,3390,60,30,0.24679687499999994,70.7520442832631,-279.49,292.37,571.86,2,1,1.0
S10,3360,3420,60,30,-0.0028802083333333782,47.19040248177483,-239.77,292.37,532.14,2,1,1.0
S10,3390,3450,60,30,-0.07673958333333347,42.53378992532114,-215.27,209.2,424.47,2,1,1.0
S10,3420,3480,60,30,-0.03344270833333323,57.299730079733,-264.1,705.55,969.65,2,1,1.0
S10,3450,3510,60,30,0.10944270833333357,47.607185375496904,-264.1,705.55,969.65,2,1,1.0
S10,3480,3540,60,30,0.48993489583333333,47.71149112461592,-439.06,408.67,847.73,2,1,1.0
S10,3510,3570,60,30,0.02263541666666651,49.25719616665582,-439.06,408.67,847.73,2,1,1.0
S10,3540,3600,60,30,-0.5558619791666666,61.21781151302692,-440.19,349.18,789.37,2,1,1.0
S10,3570,3630,60,30,0.05028645833333372,78.16328549049062,-440.19,598.47,1038.66,2,1,1.0
S10,3600,3660,60,30,-0.08777343749999983,53.550479656812705,-376.22,598.47,974.69,2,1,1.0
S10,3630,3690,60,30,0.03748958333333331,21.04800734951668,-96.21,73.8,170.01,2,1,1.0
S10,3660,3720,60,30,0.233515625,17.81829069134338,-95.81,70.22,166.03,2,1,1.0
S10,3690,3750,60,30,-0.19106510416666653,51.30039333970317,-312.81,408.07,720.88,2,1,1.0
S10,3720,3780,60,30,-0.15249218749999988,54.41051272466449,-312.81,408.07,720.88,2,1,1.0
S10,3750,3810,60,30,0.11363541666666663,31.06196534185062,-136.98,169.51,306.49,2,1,1.0
S10,3780,3840,60,30,0.0065572916666666835,30.94882037789447,-232.21,169.51,401.72,2,1,1.0
S10,3810,3870,60,30,-0.06279947916666681,37.128558826357526,-232.21,204.43,436.64,2,1,1.0
S10,3840,3900,60,30,-0.193721354166667,48.1721175699965,-350.3,287.53,637.8299999999999,2,1,1.0
S10,3870,3930,60,30,-0.1098489583333335,44.236336792163144,-350.3,287.53,637.8299999999999,2,1,0.7975952380952381
S11,90,150,60,30,0.1876328124999996,47.59927301063762,-248.08,276.26,524.34,1,0,1.0
S11,120,180,60,30,-0.3112838541666669,39.421099334655295,-214.87,276.26,491.13,1,0,1.0
S11,150,210,60,30,-0.05474479166666673,33.09274356334711,-159.49,137.85,297.34000000000003,1,0,1.0
S11,180,240,60,30,0.01298177083333331,36.53756030528267,-95.04,57.1,152.14000000000001,1,0,1.0
S11,210,270,60,30,0.20330468749999994,40.687665840559085,-157.05,118.2,275.25,1,0,1.0
S11,240,300,60,30,0.19247395833333322,42.19906380804394,-157.05,118.2,275.25,1,0,1.0
S11,270,330,60,30,0.043544270833333315,42.74042870212311,-145.07,223.72,368.78999999999996,1,0,1.0
S11,300,360,60,30,-0.0819713541666663,42.5839142849422,-145.07,223.72,368.78999999999996,1,0,1.0
S11,330,390,60,30,-0.15568489583333278,39.959264466684296,-270.7,145.73,416.42999999999995,1,0,1.0
S11,360,420,60,30,0.09768229166666678,37.44686040457168,-270.7,116.57,387.27,1,0,1.0
S11,390,450,60,30,-0.001843750000000203,37.708456827190446,-109.89,143.2,253.08999999999997,1,0,1.0
S11,420,480,60,30,-0.048333333333333575,54.635075380249596,-523.08,303.81,826.8900000000001,1,0,1.0
S11,450,510,60,30,-0.1179947916666664,83.0289746447737,-523.08,436.48,959.5600000000001,1,0,1.0
S11,480,540,60,30,-0.14075781249999944,84.91386254104368,-334.69,436.48,771.1700000000001,1,0,1.0
S11,510,570,60,30,0.09065364583333349,60.25358837572142,-264.07,328.81,592.88,1,0,1.0
S11,540,600,60,30,-0.0524427083333333,43.99345024903623,-245.93,303.04,548.97,1,0,1.0
S11,570,630,60,30,0.15848958333333343,41.14394771599028,-217.39,173.31,390.7,1,0,1.0
S11,600,660,60,30,0.23953906250000012,39.76460526388694,-150.1,85.16,235.26,1,0,1.0
S11,630,690,60,30,-0.1935390624999998,42.112669318585056,-154.21,134.16,288.37,1,0,1.0
S11,660,720,60,30,0.038588541666667066,53.62600206850717,-239.31,221.77,461.08000000000004,1,0,1.0
S11,690,750,60,30,0.1267005208333335,77.6231036021969,-438.46,630.13,1068.59,1,0,1.0
S11,720,780,60,30,-0.02450520833333346,71.3482793336305,-438.46,630.13,1068.59,1,0,1.0
S11,750,810,60,30,0.030666666666666488,61.33000815069152,-221.86,349.05,570.9100000000001,1,0,1.0
S11,780,840,60,30,0.0314999999999996,77.73334342809665,-289.41,349.05,638.46,1,0,1.0
S11,810,870,60,30,-0.07584635416666738,91.07266639608186,-371.59,381.32,752.91,1,0,1.0
S11,840,900,60,30,0.017278645833332718,95.33883137927644,-411.51,381.32,792.8299999999999,1,0,1.0
S11,870,930,60,30,-0.055242187500000206,74.48420866542291,-411.51,318.39,729.9,1,0,1.0
S11,900,960,60,30,-0.46546614583333346,56.70179599908887,-254.59,252.78,507.37,1,0,1.0
S11,930,990,60,30,0.02921093749999996,48.56121165255083,-248.23,252.78,501.01,1,0,1.0
S11,960,1020,60,30,0.29727864583333335,40.54179548003854,-204.45,192.84,397.28999999999996,1,0,1.0
S11,990,1050,60,30,1.1418723958333332,50.54617027467899,-337.42,192.84,530.26,1,0,1.0
S11,1020,1080,60,30,-0.013138020833333286,51.22736410603012,-337.42,218.44,555.86,1,0,1.0
S11,1050,1110,60,30,-1.3199348958333335,38.879212986758354,-244.09,218.44,462.53,1,0,1.0
S11,1080,1140,60,30,0.04600520833333318,32.37379415595361,-223.56,132.22,355.78,1,0,1.0
S11,1110,1170,60,30,0.0922656250000001,37.692062895039456,-107.9,72.65,180.55,1,0,1.0
S11,1140,1200,60,30,-0.05115364583333335,42.43598481091521,-214.62,112.02,326.64,1,0,1.0
S11,1170,1230,60,30,-0.09391406250000016,66.16140791826449,-399.02,330.17,729.19,1,0,1.0
S11,1200,1260,60,30,0.24696354166666665,87.41642080944568,-399.02,330.17,729.19,1,0,1.0
S11,1890,1950,60,30,-0.2244739583333333,47.86393422955967,-351.29,216.08,567.37,2,1,0.7062619047619048
S11,1920,1980,60,30,-0.022041666666666515,41.39035862847889,-351.29,177.61,528.9000000000001,2,1,1.0
S11,1950,2010,60,30,0.19371614583333344,31.796503500575895,-108.15,177.61,285.76,2,1,1.0
S11,1980,2040,60,30,0.08402083333333316,34.4609482199535,-191.86,149.87,341.73,2,1,1.0
S11,2010,2070,60,30,0.11177083333333301,41.97388109102273,-287.04,152.71,439.75,2,1,1.0
S11,2040,2100,60,30,-0.2148307291666668,36.77919229549295,-287.04,152.71,439.75,2,1,1.0
S11,2070,2130,60,30,0.03308072916666672,27.75214604152532,-114.58,104.38,218.95999999999998,2,1,1.0
S11,2100,2160,60,30,-0.0757317708333334,35.24998010395318,-272.35,248.26,520.61,2,1,1.0
S11,2130,2190,60,30,-0.13059114583333342,33.04471435906841,-272.35,248.26,520.61,2,1,1.0
S11,2160,2220,60,30,-0.020351562500000142,23.70808374809344,-110.97,124.83,235.8,2,1,1.0
S11,2190,2250,60,30,-0.018132812500000116,19.93061377624848,-110.97,84.57,195.54,2,1,1.0
S11,2220,2280,60,30,0.13102604166666662,9.817327134828425,-94.79,64.63,159.42000000000002,2,1,1.0
S11,2250,2310,60,30,0.003265624999999998,26.460338936365876,-284.04,130.04,414.08000000000004,2,1,1.0
S11,2280,2340,60,30,-0.03392187499999998,27.700472029562295,-284.04,130.04,414.08000000000004,2,1,1.0
S11,2310,2370,60,30,0.013731770833333353,11.6202404103219,-83.36,86.03,169.39,2,1,1.0
S11,2340,2400,60,30,0.002638020833333314,8.131397128710688,-53.64,35.97,89.61,2,1,1.0
S11,2370,2430,60,30,-0.018145833333333347,9.83488243975151,-55.41,55.39,110.8,2,1,1.0
S11,2400,2460,60,30,-0.030830729166666664,10.000247718936635,-55.41,55.39,110.8,2,1,1.0
S11,2430,2490,60,30,-0.03163541666666663,5.974804990053008,-38.38,18.95,57.33,2,1,1.0
S11,2460,2520,60,30,0.009002604166666702,6.598182907215937,-35.74,32.16,67.9,2,1,1.0
S11,2490,2550,60,30,0.055119791666666675,5.8942392900667535,-35.74,32.16,67.9,2,1,1.0
S11,2520,2580,60,30,0.022645833333333365,4.366435018456052,-13.92,13.33,27.25,2,1,1.0
S11,4110,4170,60,30,-0.030080729166666643,15.136395052183808,-54.22,45.14,99.36,3,0,1.0
S11,4140,4200,60,30,0.1153880208333333,16.72227687583063,-54.22,45.14,99.36,3,0,1.0
S11,4170,4230,60,30,0.049776041666666646,14.53857958702211,-50.08,30.97,81.05,3,0,1.0
S11,4200,4260,60,30,-0.05005729166666665,12.265340190827065,-46.42,23.25,69.67,3,0,1.0
S11,4230,4290,60,30,0.009648437499999914,24.49170898735316,-209.12,174.36,383.48,3,0,1.0
S11,4260,4320,60,30,-0.004197916666666824,27.892533242047875,-209.12,174.36,383.48,3,0,1.0
S11,4290,4350,60,30,-0.17623437500000008,28.330275409504964,-309.63,293.95,603.5799999999999,3,0,1.0
S11,4320,4380,60,30,-0.00811458333333334,33.618486675355236,-309.63,293.95,603.5799999999999,3,0,1.0
S11,4350,4410,60,30,0.20949218750000015,41.69021348524437,-517.92,207.69,725.6099999999999,3,0,1.0
S11,4380,4440,60,30,0.3386041666666671,37.63442923277367,-517.92,207.69,725.6099999999999,3,0,1.0
S11,4410,4470,60,30,0.03567447916666685,27.833508302779784,-263.15,142.37,405.52,3,0,1.0
S13,90,150,60,30,0.941447916666667,117.80458413210818,-756.5,526.02,1282.52,1,0,1.0
S13,120,180,60,30,-0.3210468750000002,93.89657336387185,-392.71,536.76,929.47,1,0,1.0
S13,150,210,60,30,-0.7032500000000004,83.38932697593859,-392.71,536.76,929.47,1,0,1.0
S13,180,240,60,30,0.47923958333333344,48.36620785136836,-324.32,190.61,514.9300000000001,1,0,1.0
S13,210,270,60,30,-0.23811979166666658,72.41909518527831,-550.07,305.19,855.26,1,0,1.0
S13,240,300,60,30,0.1566927083333335,79.93781937224023,-550.07,305.19,855.26,1,0,1.0
S13,270,330,60,30,-0.14711979166666692,76.76398979675886,-640.72,286.49,927.21,1,0,1.0
S13,300,360,60,30,-0.6165182291666671,82.86484717056582,-640.72,331.4,972.12,1,0,1.0
S13,330,390,60,30,0.8938098958333325,97.12575961972526,-518.44,331.4,849.84,1,0,1.0
S13,360,420,60,30,0.5338515624999991,110.53918424747741,-594.42,532.26,1126.6799999999998,1,0,1.0
S13,390,450,60,30,-1.2298411458333334,111.65613901105023,-629.49,532.26,1161.75,1,0,1.0
S13,420,480,60,30,-0.27501822916666635,118.3814071633668,-976.29,431.5,1407.79,1,0,1.0
S13,450,510,60,30,0.6782005208333334,102.33854391398069,-976.29,431.5,1407.79,1,0,1.0
S13,480,540,60,30,-0.3712395833333339,74.5205400944158,-308.79,348.22,657.01,1,0,1.0
S13,510,570,60,30,0.040588541666666283,62.12336079131413,-308.79,348.22,657.01,1,0,1.0
S13,540,600,60,30,0.22915364583333328,29.726124338095154,-103.69,153.47,257.15999999999997,1,0,1.0
S13,570,630,60,30,-1.3017369791666666,30.434000603570205,-229.51,110.11,339.62,1,0,1.0
S13,600,660,60,30,0.13166145833333331,47.01510751986152,-229.51,263.68,493.19,1,0,1.0
S13,630,690,60,30,1.2841953124999994,60.55480897224413,-252.97,263.68,516.65,1,0,1.0
S13,660,720,60,30,1.371403645833333,62.67402408355996,-258.98,267.62,526.6,1,0,1.0
S13,690,750,60,30,0.28561458333333267,80.84820164774459,-477.71,267.62,745.3299999999999,1,0,1.0
S13,720,780,60,30,-1.1450208333333343,84.49543817321087,-477.71,367.27,844.98,1,0,1.0
S13,750,810,60,30,-0.12459895833333352,58.44955759247312,-340.65,367.27,707.92,1,0,1.0
S13,780,840,60,30,0.19503385416666638,74.52857913347808,-367.08,717.77,1084.85,1,0,1.0
S13,810,870,60,30,-0.32321354166666694,79.47159596513755,-367.08,717.77,1084.85,1,0,1.0
S13,840,900,60,30,-0.5125468749999998,49.77224039387747,-299.29,190.4,489.69000000000005,1,0,1.0
S13,870,930,60,30,0.3192786458333335,37.000055932889346,-112.63,69.27,181.89999999999998,1,0,1.0
S13,900,960,60,30,0.3193359374999999,72.90777622885741,-738.58,297.22,1035.8000000000002,1,0,1.0
S13,930,990,60,30,1.2705338541666662,117.00265955044122,-797.02,562.55,1359.57,1,0,1.0
S13,960,1020,60,30,-0.24860156250000004,125.33067235857177,-797.02,562.55,1359.57,1,0,1.0
S13,990,1050,60,30,-1.1997291666666665,86.80740870167458,-693.07,386.16,1079.23,1,0,1.0
S13,1020,1080,60,30,-0.012057291666666551,52.94038935874056,-374.21,575.93,950.1399999999999,1,0,1.0
S13,1050,1110,60,30,-0.24921614583333315,66.10403041115657,-374.21,575.93,950.1399999999999,1,0,1.0
S13,1080,1140,60,30,0.13074479166666672,68.90461569692643,-291.9,574.17,866.0699999999999,1,0,1.0
S13,1110,1170,60,30,0.09947395833333322,67.31582358039314,-522.93,230.58,753.51,1,0,1.0
S13,1140,1200,60,30,-0.2629218749999998,71.80896588021277,-522.93,371.61,894.54,1,0,1.0
S13,1170,1230,60,30,-0.13077343749999978,68.66631849932507,-451.38,371.61,822.99,1,0,1.0
S13,1200,1260,60,30,0.21644270833333368,77.8425059846526,-398.04,374.46,772.5,1,0,1.0
S13,1650,1710,60,30,0.933153645833333,54.885273291177356,-590.54,315.53,906.0699999999999,3,0,0.7682142857142857
S13,1680,1740,60,30,-0.04517447916666673,101.95172040384061,-783.79,559.04,1342.83,3,0,1.0
S13,1710,1770,60,30,-0.20648697916666656,103.9367371631023,-783.79,559.04,1342.83,3,0,1.0
S13,1740,1800,60,30,-0.10540625000000035,76.82154415321891,-686.21,483.51,1169.72,3,0,1.0
S13,1770,1830,60,30,0.31351302083333277,89.42447547125856,-686.21,483.51,1169.72,3,0,1.0
S13,1800,1860,60,30,-0.41281770833333326,66.67794257839397,-587.72,385.94,973.6600000000001,3,0,1.0
S13,1830,1890,60,30,-0.22516145833333318,78.94418671121241,-590.66,385.94,976.5999999999999,3,0,1.0
S13,1860,1920,60,30,0.14523958333333326,69.60065643881121,-590.66,256.01,846.67,3,0,1.0
S13,1890,1950,60,30,-1.3737942708333335,76.53439146577048,-812.17,498.47,1310.6399999999999,3,0,1.0
S13,1920,1980,60,30,-0.39811718749999986,86.22559454088429,-812.17,498.47,1310.6399999999999,3,0,1.0
S13,1950,2010,60,30,1.2445651041666674,78.4153442667794,-750.98,410.61,1161.5900000000001,3,0,1.0
S13,1980,2040,60,30,0.5748984375000006,105.99300157783658,-937.75,495.82,1433.57,3,0,1.0
S13,3270,3330,60,30,-1.1750624999999995,161.96464148784995,-706.84,555.9,1262.74,2,1,1.0
S13,3300,3360,60,30,2.0069114583333336,197.07394108713908,-727.81,740.3,1468.11,2,1,1.0
S13,3330,3390,60,30,1.858026041666666,200.70851302728622,-727.81,740.3,1468.11,2,1,1.0
S13,3360,3420,60,30,-2.4283437500000002,165.97018080462325,-617.55,462.91,1080.46,2,1,1.0
S13,3390,3450,60,30,-1.3634869791666673,141.96681309065517,-533.65,462.91,996.56,2,1,1.0
S13,3420,3480,60,30,1.9234765624999994,115.37521613704011,-417.93,482.95,900.88,2,1,1.0
S13,3450,3510,60,30,-1.4277630208333327,152.59112909781118,-726.74,721.52,1448.26,2,1,1.0
S13,3480,3540,60,30,-1.1228203124999991,141.37106337721738,-726.74,721.52,1448.26,2,1,1.0
S13,3510,3570,60,30,0.9958984375000004,128.24270138578672,-771.55,625.6,1397.15,2,1,1.0
S13,3540,3600,60,30,0.3067005208333333,125.20125011117061,-771.55,625.6,1397.15,2,1,1.0
S13,3570,3630,60,30,0.785643229166666,80.35771590890742,-497.14,339.51,836.65,2,1,1.0
S13,3600,3660,60,30,0.008731770833332911,97.26610274290132,-497.14,354.09,851.23,2,1,1.0
S13,3630,3690,60,30,-0.9574531249999996,101.49637212226936,-456.36,452.32,908.6800000000001,2,1,1.0
S13,3660,3720,60,30,-0.31541666666666635,86.95858504665294,-456.36,452.32,908.6800000000001,2,1,1.0
S13,3690,3750,60,30,0.010015625000000394,93.06735788557576,-474.89,336.63,811.52,2,1,1.0
S13,3720,3780,60,30,0.7028359375,109.0352378682392,-585.71,351.41,937.1200000000001,2,1,1.0
S13,3750,3810,60,30,0.5631067708333333,112.60914461950466,-585.71,485.96,1071.67,2,1,1.0
S13,3780,3840,60,30,-0.7088046875000005,99.68278807648508,-582.37,492.57,1074.94,2,1,1.0
S13,3810,3870,60,30,-1.3740729166666672,90.83111247939598,-753.89,492.57,1246.46,2,1,1.0
S13,3840,3900,60,30,0.8256848958333333,99.39571346548185,-753.89,410.75,1164.6399999999999,2,1,1.0
S13,3870,3930,60,30,0.5439817708333337,137.93396410890446,-745.34,544.99,1290.33,2,1,0.9151190476190476
S14,30,90,60,30,-0.2040494791666666,43.67570270772042,-210.57,170.49,381.06,1,0,1.0
S14,60,120,60,30,0.039994791666666814,34.806239669747285,-117.63,161.67,279.29999999999995,1,0,1.0
S14,90,150,60,30,0.11313802083333323,43.46235095389208,-240.0,254.02,494.02,1,0,1.0
S14,120,180,60,30,0.004749999999999825,47.01929771591572,-240.0,254.02,494.02,1,0,1.0
S14,150,210,60,30,-0.08401822916666654,45.600895777987475,-156.15,256.61,412.76,1,0,1.0
S14,180,240,60,30,-0.07523958333333321,42.29219810456198,-156.15,256.61,412.76,1,0,1.0
S14,210,270,60,30,0.19908854166666667,28.52219779915713,-149.98,88.55,238.52999999999997,1,0,1.0
S14,240,300,60,30,0.04971874999999999,24.86686554337214,-61.81,40.97,102.78,1,0,1.0
S14,270,330,60,30,-0.33447656249999996,27.137123196888364,-118.04,68.72,186.76,1,0,1.0
S14,300,360,60,30,0.29638281250000004,34.78549649375435,-170.72,114.44,285.15999999999997,1,0,1.0
S14,330,390,60,30,0.26933333333333337,34.733736253661064,-170.72,114.44,285.15999999999997,1,0,1.0
S14,360,420,60,30,-0.1636302083333333,28.79578734288381,-97.71,98.72,196.43,1,0,1.0
S14,390,450,60,30,-0.12903385416666674,29.9723634044921,-71.2,43.73,114.93,1,0,1.0
S14,420,480,60,30,0.057674479166666646,31.607282148680987,-71.22,42.08,113.3,1,0,1.0
S14,450,510,60,30,0.11346093749999998,33.460115729963285,-209.02,208.1,417.12,1,0,1.0
S14,480,540,60,30,-0.3530703125000001,30.76729973772977,-209.02,208.1,417.12,1,0,1.0
S14,510,570,60,30,-0.20889322916666667,31.454307803957473,-194.11,206.53,400.64,1,0,1.0
S14,540,600,60,30,0.029130208333333397,39.893098464230576,-194.11,206.53,400.64,1,0,1.0
S14,570,630,60,30,0.28518489583333334,35.97618876549896,-142.53,194.07,336.6,1,0,1.0
S14,600,660,60,30,0.2388098958333333,29.50527301770443,-124.2,129.8,254.0,1,0,1.0
S14,630,690,60,30,-0.16559895833333346,32.33558606395719,-129.38,129.8,259.18,1,0,1.0
S14,660,720,60,30,-0.3037239583333334,29.946392789116537,-129.38,100.83,230.20999999999998,1,0,1.0
S14,690,750,60,30,0.06782291666666662,29.677494208573126,-132.95,89.8,222.75,1,0,1.0
S14,720,780,60,30,0.25955208333333324,40.921016074508756,-283.33,193.77,477.1,1,0,1.0
S14,750,810,60,30,-0.4595781250000002,42.52093181144656,-283.33,193.77,477.1,1,0,1.0
S14,780,840,60,30,-0.04396614583333355,34.6317207079227,-135.75,148.53,284.28,1,0,1.0
S14,810,870,60,30,0.1923203125,35.352552842117234,-135.75,104.59,240.34,1,0,1.0
S14,840,900,60,30,-0.04356250000000005,40.213459821933505,-138.99,177.09,316.08000000000004,1,0,1.0
S14,870,930,60,30,0.1974374999999999,35.07126820766552,-138.99,177.09,316.08000000000004,1,0,1.0
S14,900,960,60,30,-0.7633151041666667,41.241894975516615,-490.66,189.62,680.28,1,0,1.0
S14,930,990,60,30,0.40548177083333325,54.27792485523754,-490.66,189.62,680.28,1,0,1.0
S14,960,1020,60,30,0.7107265624999999,43.20582502404699,-261.37,174.24,435.61,1,0,1.0
S14,990,1050,60,30,-0.2994322916666667,30.46239413349473,-83.74,60.95,144.69,1,0,1.0
S14,1020,1080,60,30,0.12637500000000002,36.74591323272959,-88.58,60.95,149.53,1,0,1.0
S14,1050,1110,60,30,0.31755989583333327,41.21497675690153,-199.29,184.68,383.97,1,0,1.0
S14,1080,1140,60,30,-0.13868489583333332,37.13613849412558,-199.29,184.68,383.97,1,0,1.0
S14,1110,1170,60,30,-0.46716666666666645,36.57446518880655,-155.26,222.83,378.09000000000003,1,0,1.0
S14,1140,1200,60,30,0.07203906250000006,36.57521120472648,-155.26,222.83,378.09000000000003,1,0,1.0
S14,1890,1950,60,30,-0.08977343749999976,52.719865215686276,-187.48,246.14,433.62,2,1,0.7634047619047619
S14,1920,1980,60,30,0.3838671875000002,37.14601277627344,-113.85,165.75,279.6,2,1,1.0
S14,1950,2010,60,30,-0.10593750000000005,43.28715673420363,-129.02,169.31,298.33000000000004,2,1,1.0
S14,1980,2040,60,30,-0.2474114583333333,51.371683463179586,-196.95,253.72,450.66999999999996,2,1,1.0
S14,2010,2070,60,30,-0.04738802083333334,50.21515052569483,-196.95,253.72,450.66999999999996,2,1,1.0
S14,2040,2100,60,30,0.10270833333333318,41.64826099383699,-162.58,211.2,373.78,2,1,1.0
S14,2070,2130,60,30,0.6220442708333332,36.90978353128294,-119.63,190.11,309.74,2,1,1.0
S14,2100,2160,60,30,-0.5290208333333334,39.93028790422314,-160.39,220.18,380.57,2,1,1.0
S14,2130,2190,60,30,-0.46974999999999995,41.31553112480826,-175.02,220.18,395.20000000000005,2,1,1.0
S14,2160,2220,60,30,0.2885364583333334,45.605196482895046,-175.02,201.93,376.95000000000005,2,1,1.0
S14,2190,2250,60,30,0.019106770833333484,50.27360814995959,-174.02,278.21,452.23,2,1,1.0
S14,2220,2280,60,30,0.11181250000000051,51.34185981250105,-191.14,278.21,469.34999999999997,2,1,1.0
S14,2250,2310,60,30,-0.031744791666666335,48.24986127924223,-210.74,263.12,473.86,2,1,1.0
S14,2280,2340,60,30,-0.1514635416666666,32.99602360108027,-210.74,263.12,473.86,2,1,1.0
S14,2310,2370,60,30,-0.007833333333333218,18.311960377240855,-104.83,66.83,171.66,2,1,1.0
S14,2340,2400,60,30,0.013505208333333418,16.64121861006873,-104.83,66.83,171.66,2,1,1.0
S14,2370,2430,60,30,0.02147135416666675,17.574236915828198,-89.49,104.25,193.74,2,1,1.0
S14,2400,2460,60,30,0.07299479166666675,19.121282376690626,-89.49,104.25,193.74,2,1,1.0
S14,2430,2490,60,30,-0.014830729166666605,19.004844392628264,-75.13,58.95,134.07999999999998,2,1,1.0
S14,2460,2520,60,30,-0.09929687499999991,19.546488186963796,-84.45,56.32,140.77,2,1,1.0
S14,2490,2550,60,30,-0.0059557291666666535,20.685454650226614,-84.45,76.79,161.24,2,1,1.0
S14,2520,2580,60,30,-0.0026093750000000617,19.141214947058494,-79.0,76.79,155.79000000000002,2,1,0.9865952380952381
S14,4320,4380,60,30,0.16715625000000003,15.51699389938343,-67.51,140.81,208.32,3,0,1.0
S14,4350,4410,60,30,0.03464843750000006,15.445989562806279,-103.66,110.42,214.07999999999998,3,0,1.0
S14,4380,4440,60,30,-0.09577864583333333,16.53121654117478,-103.66,110.42,214.07999999999998,3,0,1.0
S14,4410,4470,60,30,-0.03785416666666643,18.169353402134302,-75.76,121.48,197.24,3,0,1.0
S14,4440,4500,60,30,-0.034307291666666476,19.078572716951037,-75.76,121.48,197.24,3,0,1.0
S14,4470,4530,60,30,0.06697656250000002,14.44005052144731,-73.81,68.07,141.88,3,0,1.0
S14,4500,4560,60,30,0.06224739583333335,11.132077695983813,-66.73,43.2,109.93,3,0,1.0
S14,4530,4590,60,30,-0.13513802083333332,13.17680794369854,-98.05,70.69,168.74,3,0,1.0
S14,4560,4620,60,30,-0.012856770833333246,13.180297624054324,-98.05,70.69,168.74,3,0,1.0
S14,4590,4650,60,30,-0.22776302083333325,17.575326024450185,-71.06,164.31,235.37,3,0,1.0
S14,4620,4680,60,30,0.13095833333333337,25.611934287276387,-79.86,164.31,244.17000000000002,3,0,1.0
S15,120,180,60,30,0.20012760416666714,67.54054625363142,-412.89,360.39,773.28,1,0,1.0
S15,150,210,60,30,0.14055989583333348,79.91673429833376,-585.27,360.39,945.66,1,0,1.0
S15,180,240,60,30,-0.2567031250000002,111.87744374805568,-585.27,486.88,1072.15,1,0,1.0
S15,210,270,60,30,0.04831770833333303,133.882197980449,-714.14,486.88,1201.02,1,0,1.0
S15,240,300,60,30,0.24846354166666618,104.49027852251238,-839.76,444.56,1284.32,1,0,1.0
S15,270,330,60,30,0.16319531249999997,62.96250813582254,-839.76,329.08,1168.84,1,0,1.0
S15,300,360,60,30,0.08404166666666679,69.10988189310928,-455.18,518.63,973.81,1,0,1.0
S15,330,390,60,30,-0.1888932291666667,65.48936563241789,-455.18,518.63,973.81,1,0,1.0
S15,360,420,60,30,-0.09511718750000014,31.25060067150737,-290.49,162.34,452.83000000000004,1,0,1.0
S15,390,450,60,30,-0.1656848958333334,31.788689892031584,-290.49,132.3,422.79,1,0,1.0
S15,420,480,60,30,0.010841145833333458,48.44359006333826,-354.35,247.63,601.98,1,0,1.0
S15,450,510,60,30,0.6483515625000001,45.02186945398438,-354.35,247.63,601.98,1,0,1.0
S15,480,540,60,30,0.010484375000000176,35.26951946299804,-238.12,205.33,443.45000000000005,1,0,1.0
S15,510,570,60,30,-0.4314479166666663,67.65600527775136,-334.44,265.5,599.94,1,0,1.0
S15,540,600,60,30,-0.03873958333333309,80.41014594638965,-334.44,372.3,706.74,1,0,1.0
S15,570,630,60,30,0.07078385416666641,59.037158033143534,-284.06,372.3,656.36,1,0,1.0
S15,600,660,60,30,-0.08863541666666705,55.026492066344694,-437.6,388.93,826.53,1,0,1.0
S15,630,690,60,30,-0.44035416666666666,67.7859979306013,-437.6,388.93,826.53,1,0,1.0
S15,660,720,60,30,0.042656250000000166,67.37808045081131,-472.48,297.24,769.72,1,0,1.0
S15,690,750,60,30,0.26462760416666675,49.4513204119599,-472.48,297.24,769.72,1,0,1.0
S15,720,780,60,30,0.05908854166666671,12.601524610243676,-53.25,74.35,127.6,1,0,1.0
S15,750,810,60,30,-0.018416666666666658,13.372235116999162,-74.15,50.69,124.84,1,0,1.0
S15,780,840,60,30,-0.12943750000000007,18.923282157180353,-88.09,98.17,186.26,1,0,1.0
S15,810,870,60,30,-0.037648437500000104,30.847823870884508,-229.98,271.81,501.78999999999996,1,0,1.0
S15,840,900,60,30,0.19327864583333337,34.58648732639102,-310.14,271.81,581.95,1,0,1.0
S15,870,930,60,30,0.02328906250000012,35.23666657388805,-310.14,207.34,517.48,1,0,1.0
S15,900,960,60,30,-0.028442708333333268,28.416074585813387,-270.27,127.2,397.46999999999997,1,0,1.0
S15,930,990,60,30,-0.04501041666666669,49.97719937162487,-459.75,424.38,884.13,1,0,1.0
S15,960,1020,60,30,-0.8592578124999999,63.48567584253579,-459.75,424.38,884.13,1,0,1.0
S15,990,1050,60,30,0.042559895833333646,57.35128454755154,-598.44,311.39,909.83,1,0,1.0
S15,1020,1080,60,30,0.7127213541666667,56.28906292953238,-598.44,311.39,909.83,1,0,1.0
S15,1050,1110,60,30,0.06216927083333316,65.58958941431983,-320.26,531.77,852.03,1,0,1.0
S15,1080,1140,60,30,-0.8261302083333331,74.66065883014826,-320.26,531.77,852.03,1,0,1.0
S15,1110,1170,60,30,-0.00013541666666630665,67.92928705441598,-379.09,272.46,651.55,1,0,1.0
S15,1140,1200,60,30,0.9833645833333334,55.0030015779669,-382.28,238.6,620.88,1,0,1.0
S15,1170,1230,60,30,-0.05470833333333321,37.24513952865099,-382.28,226.66,608.9399999999999,1,0,1.0
S15,1200,1260,60,30,-0.060820312499999925,16.366758392871482,-191.97,147.01,338.98,1,0,1.0
S15,1230,1290,60,30,0.05271614583333333,32.77920392951544,-425.32,312.16,737.48,1,0,0.9205
S15,1620,1680,60,30,-2.6041666666661484e-05,4.669804292980435,-16.18,16.98,33.16,3,0,1.0
S15,1650,1710,60,30,0.03270572916666664,15.906973190726388,-170.49,113.35,283.84000000000003,3,0,1.0
S15,1680,1740,60,30,-0.02879947916666669,15.98223635469365,-170.49,113.35,283.84000000000003,3,0,1.0
S15,1710,1770,60,30,-0.0026718749999999976,5.2627806829977235,-13.15,8.4,21.55,3,0,1.0
S15,1740,1800,60,30,0.04837760416666665,11.404901822065666,-101.39,91.11,192.5,3,0,1.0
S15,1770,1830,60,30,-0.019213541666666688,11.426560027802912,-101.39,91.11,192.5,3,0,1.0
S15,1800,1860,60,30,0.001611979166666666,5.177556361400762,-16.52,13.66,30.18,3,0,1.0
S15,1830,1890,60,30,-0.004549479166666663,5.223118586226143,-12.14,8.27,20.41,3,0,1.0
S15,1860,1920,60,30,-0.016851562499999997,5.239712943279079,-15.82,8.66,24.48,3,0,1.0
S15,1890,1950,60,30,0.011734375000000012,14.966877861780103,-164.26,167.07,331.33,3,0,1.0
S15,1920,1980,60,30,0.0038541666666666676,15.095971687409392,-164.26,167.07,331.33,3,0,1.0
S15,3090,3150,60,30,0.451208333333334,131.33879655838373,-521.94,933.71,1455.65,2,1,0.8461666666666666
S15,3120,3180,60,30,-0.10690364583333319,162.0755133865111,-1056.42,941.76,1998.18,2,1,1.0
S15,3150,3210,60,30,-0.3789374999999999,159.5035009807656,-1056.42,941.76,1998.18,2,1,1.0
S15,3180,3240,60,30,-0.5931119791666667,151.46941926121988,-486.49,924.55,1411.04,2,1,1.0
S15,3210,3270,60,30,0.6867161458333335,137.07436918521125,-486.49,924.55,1411.04,2,1,1.0
S15,3240,3300,60,30,0.27992447916666713,121.04501305802836,-539.33,674.85,1214.18,2,1,1.0
S15,3270,3330,60,30,-0.8549010416666663,146.4070216678013,-671.93,674.85,1346.78,2,1,1.0
S15,3300,3360,60,30,0.1716223958333335,160.25891857348154,-671.93,1064.0,1735.9299999999998,2,1,1.0
S15,3330,3390,60,30,-0.0759895833333335,121.524086872169,-615.81,1064.0,1679.81,2,1,1.0
S15,3360,3420,60,30,-0.026755208333332923,120.99490089114842,-777.89,871.98,1649.87,2,1,1.0
S15,3390,3450,60,30,0.2757500000000005,113.86922661640742,-777.89,871.98,1649.87,2,1,1.0
S15,3420,3480,60,30,0.15699479166666683,31.74360885362684,-288.61,211.63,500.24,2,1,1.0
S15,3450,3510,60,30,0.009388020833333637,27.935547450699314,-288.61,173.82,462.43,2,1,1.0
S15,3480,3540,60,30,0.06083072916666687,38.702461423291254,-535.11,427.28,962.39,2,1,1.0
S15,3510,3570,60,30,0.015098958333333337,36.020356269357706,-535.11,427.28,962.39,2,1,1.0
S15,3540,3600,60,30,-0.12423958333333335,30.830231249553304,-236.39,195.62,432.01,2,1,1.0
S15,3570,3630,60,30,0.021231770833333385,31.504921454473305,-236.39,195.62,432.01,2,1,1.0
S15,3600,3660,60,30,0.5646015624999998,43.44792650640339,-775.12,191.63,966.75,2,1,1.0
S15,3630,3690,60,30,-0.07598437500000059,77.95878672560856,-775.12,443.77,1218.8899999999999,2,1,1.0
S15,3660,3720,60,30,-0.4407890625000004,67.23764386857388,-433.9,443.77,877.67,2,1,1.0
S15,3690,3750,60,30,0.04742187499999996,24.153403298611043,-148.47,215.27,363.74,2,1,1.0
S15,3720,3780,60,30,-0.03433333333333339,32.118359144559186,-194.79,215.27,410.06,2,1,1.0
S16,90,150,60,30,-0.11243750000000012,39.14029910737582,-153.86,145.64,299.5,1,0,0.8605
S16,120,180,60,30,-0.036671874999999986,31.65210099524465,-136.66,154.81,291.47,1,0,1.0
S16,150,210,60,30,-0.06058593750000003,31.22416904494501,-136.38,154.81,291.19,1,0,1.0
S16,180,240,60,30,0.3288958333333334,27.041627335222742,-111.53,132.43,243.96,1,0,1.0
S16,210,270,60,30,0.010294270833333357,22.889967378878307,-101.96,132.13,234.08999999999997,1,0,1.0
S16,240,300,60,30,0.17100781249999988,32.1874129392017,-186.6,231.46,418.06,1,0,1.0
S16,270,330,60,30,0.09678645833333335,31.22429157083045,-186.6,231.46,418.06,1,0,1.0
S16,300,360,60,30,-0.3852291666666666,24.21165439711626,-82.87,146.35,229.22,1,0,1.0
S16,330,390,60,30,-0.13594010416666674,25.576090303444627,-96.34,146.35,242.69,1,0,1.0
S16,360,420,60,30,0.19510677083333333,38.79309085940562,-196.48,182.48,378.96,1,0,1.0
S16,390,450,60,30,0.12911979166666668,40.294840301884804,-196.48,182.48,378.96,1,0,1.0
S16,420,480,60,30,-0.0008463541666667037,28.31784820508042,-110.79,158.33,269.12,1,0,1.0
S16,450,510,60,30,0.05123697916666668,23.37933320255144,-110.79,150.05,260.84000000000003,1,0,1.0
S16,480,540,60,30,-0.09761979166666664,24.119825028111038,-139.03,171.38,310.40999999999997,1,0,1.0
S16,510,570,60,30,-0.13732552083333316,45.42885955109138,-304.8,171.38,476.18,1,0,1.0
S16,540,600,60,30,-0.02133854166666665,47.1732357361978,-304.8,166.71,471.51,1,0,1.0
S16,570,630,60,30,0.17958072916666654,32.428654184131716,-161.04,169.07,330.11,1,0,1.0
S16,600,660,60,30,0.18845052083333336,33.45843020669065,-161.04,169.07,330.11,1,0,1.0
S16,630,690,60,30,0.04740104166666672,32.703844619262,-132.41,188.86,321.27,1,0,1.0
S16,660,720,60,30,-0.1421901041666667,33.08985399667324,-132.41,188.86,321.27,1,0,1.0
S16,690,750,60,30,-0.21353645833333337,32.13309562785508,-113.05,129.64,242.69,1,0,1.0
S16,720,780,60,30,0.14655989583333326,29.922357802702898,-104.02,208.27,312.29,1,0,1.0
S16,750,810,60,30,0.04860416666666662,26.34559689709363,-104.02,208.27,312.29,1,0,1.0
S16,780,840,60,30,-0.23784114583333313,26.106052544955425,-213.09,164.58,377.67,1,0,1.0
S16,810,870,60,30,0.15458072916666685,26.256027570494084,-213.09,164.58,377.67,1,0,1.0
S16,840,900,60,30,0.09632291666666658,23.989259501430528,-129.6,124.57,254.17,1,0,1.0
S16,870,930,60,30,-0.20401302083333347,28.68844725768758,-148.72,218.48,367.2,1,0,1.0
S16,900,960,60,30,0.04459635416666649,26.52954890490011,-148.72,218.48,367.2,1,0,1.0
S16,930,990,60,30,-0.08531770833333353,31.205060649828546,-164.5,222.47,386.97,1,0,1.0
S16,960,1020,60,30,-0.5627994791666666,41.65472945213574,-192.39,222.47,414.86,1,0,1.0
S16,990,1050,60,30,-0.06143489583333294,45.05607274839633,-192.39,258.5,450.89,1,0,1.0
S16,1020,1080,60,30,0.5774218750000004,41.610820778413775,-186.39,258.5,444.89,1,0,1.0
S16,1050,1110,60,30,0.23311458333333343,28.134453890488743,-144.9,161.47,306.37,1,0,1.0
S16,1080,1140,60,30,-0.11387239583333332,20.143420703414773,-105.31,115.97,221.28,1,0,1.0
S16,1110,1170,60,30,0.14097656250000015,35.771447186435594,-149.72,212.85,362.57,1,0,1.0
S16,1140,1200,60,30,0.22042708333333322,40.06525735863222,-149.72,212.85,362.57,1,0,1.0
S16,1170,1230,60,30,-0.25505729166666685,31.361451829947768,-113.48,174.33,287.81,1,0,1.0
S16,1200,1260,60,30,-0.1795807291666666,25.55356310682368,-93.32,162.64,255.95999999999998,1,0,1.0
S16,1230,1290,60,30,-0.05353645833333324,22.26081077237445,-93.32,87.85,181.17,1,0,0.8061666666666667
S16,1980,2040,60,30,0.06817708333333326,10.878082762768516,-69.26,72.52,141.78,2,1,0.8605238095238095
S16,2010,2070,60,30,0.050820312499999985,12.028332790445749,-54.79,50.63,105.42,2,1,1.0
S16,2040,2100,60,30,0.0583255208333334,23.464019497352986,-185.35,177.4,362.75,2,1,1.0
S16,2070,2130,60,30,-0.042877604166666645,24.027293275816618,-185.35,177.4,362.75,2,1,1.0
S16,2100,2160,60,30,-0.018395833333333403,21.144735194299926,-110.53,100.41,210.94,2,1,1.0
S16,2130,2190,60,30,0.046338541666666594,19.32237121323509,-110.53,97.74,208.26999999999998,2,1,1.0
S16,2160,2220,60,30,-0.08808333333333336,9.71780918400879,-49.81,53.69,103.5,2,1,1.0
S16,2190,2250,60,30,0.2582109374999999,28.03698630087966,-250.52,226.88,477.4,2,1,1.0
S16,2220,2280,60,30,0.003101562499999962,29.58267959148734,-250.52,226.88,477.4,2,1,1.0
S16,2250,2310,60,30,-0.30045312499999977,21.723121422252554,-176.3,138.47,314.77,2,1,1.0
S16,2280,2340,60,30,0.01751041666666667,31.138061892760625,-184.41,210.06,394.47,2,1,1.0
S16,2310,2370,60,30,0.0017317708333331832,28.47239284589129,-184.41,210.06,394.47,2,1,1.0
S16,2340,2400,60,30,0.04153906250000004,14.42021524490573,-104.26,72.97,177.23000000000002,2,1,1.0
S16,2370,2430,60,30,0.018729166666666634,5.299274699741085,-23.3,21.21,44.510000000000005,2,1,1.0
S16,2400,2460,60,30,-0.05593489583333334,12.241712135194561,-110.82,135.41,246.23,2,1,1.0
S16,2430,2490,60,30,-0.0073645833333333,12.08675226411803,-110.82,135.41,246.23,2,1,1.0
S16,2460,2520,60,30,-0.012122395833333318,3.831408907881572,-17.09,22.78,39.870000000000005,2,1,1.0
S16,2490,2550,60,30,0.009255208333333343,3.3437692316384577,-10.16,10.94,21.1,2,1,1.0
S16,2520,2580,60,30,0.0017604166666666606,3.0227597549838174,-12.54,9.38,21.92,2,1,1.0
S16,2550,2610,60,30,-0.0018880208333333297,5.370198572810786,-37.42,40.63,78.05000000000001,2,1,1.0
S16,2580,2640,60,30,0.03769270833333334,16.140534443577817,-147.51,134.12,281.63,2,1,1.0
S16,2610,2670,60,30,0.03754687500000008,16.957714719661602,-147.51,134.12,281.63,2,1,0.8561666666666666
S16,4320,4380,60,30,0.030515625000000025,19.484934715825048,-136.52,128.05,264.57000000000005,3,0,0.9938333333333333
S16,4350,4410,60,30,0.04190625000000001,18.976660823275196,-136.52,128.05,264.57000000000005,3,0,1.0
S16,4380,4440,60,30,-0.024476562499999986,8.098306644432723,-73.29,84.05,157.34,3,0,1.0
S16,4410,4470,60,30,-0.03409114583333332,4.279039308437207,-15.67,16.34,32.01,3,0,1.0
S16,4440,4500,60,30,0.022627604166666693,5.8301028790297815,-19.98,60.58,80.56,3,0,1.0
S16,4470,4530,60,30,0.008838541666666732,14.319912758513272,-139.41,97.66,237.07,3,0,1.0
S16,4500,4560,60,30,0.10917447916666655,23.041243316351373,-222.02,152.98,375.0,3,0,1.0
S16,4530,4590,60,30,-0.0397239583333335,19.492594624221212,-222.02,152.98,375.0,3,0,1.0
S16,4560,4620,60,30,-0.13598958333333336,5.933022430983905,-56.71,58.7,115.41,3,0,1.0
S16,4590,4650,60,30,0.015020833333333343,3.6530223502235297,-10.58,8.53,19.11,3,0,1.0
S16,4620,4680,60,30,0.03799218750000013,55.61655878933582,-471.51,519.63,991.14,3,0,1.0
S2,300,360,60,30,0.06803645833333387,123.64350441831718,-471.89,597.16,1069.05,1,0,0.8908809523809523
S2,330,390,60,30,-0.020908854166666244,98.1211438779572,-392.28,554.77,947.05,1,0,1.0
S2,360,420,60,30,0.17571875000000006,44.970133207868074,-345.19,209.89,555.0799999999999,1,0,1.0
S2,390,450,60,30,-0.2819270833333332,40.34778820268652,-289.26,194.12,483.38,1,0,1.0
S2,420,480,60,30,-0.9174947916666666,73.25475518286177,-400.17,363.29,763.46,1,0,1.0
S2,450,510,60,30,-0.00932031250000011,92.3729390496949,-670.2,363.29,1033.49,1,0,1.0
S2,480,540,60,30,0.9167890624999998,67.50657990288555,-670.2,303.72,973.9200000000001,1,0,1.0
S2,510,570,60,30,-0.01861197916666665,25.716486981754976,-182.86,139.13,321.99,1,0,1.0
S2,540,600,60,30,-0.1345312500000001,20.520690450155588,-152.01,91.48,243.49,1,0,1.0
S2,570,630,60,30,0.14408072916666612,69.56133930177756,-596.97,368.75,965.72,1,0,1.0
S2,600,660,60,30,-0.12666666666666782,98.0527609819354,-596.97,421.48,1018.45,1,0,1.0
S2,630,690,60,30,0.07414583333333263,89.12425522391935,-449.14,421.48,870.62,1,0,1.0
S2,660,720,60,30,0.5626666666666669,82.33812224489925,-727.64,595.6,1323.24,1,0,1.0
S2,690,750,60,30,-0.22684895833333346,77.20485271657219,-727.64,595.6,1323.24,1,0,1.0
S2,720,780,60,30,-0.3535312500000003,46.48027579745366,-335.37,351.65,687.02,1,0,1.0
S2,750,810,60,30,0.6854609374999999,70.09705464788354,-409.52,402.66,812.1800000000001,1,0,1.0
S2,780,840,60,30,0.0017708333333333807,72.22904308654161,-409.52,402.66,812.1800000000001,1,0,1.0
S2,810,870,60,30,-0.7135286458333332,31.376799859093612,-242.2,380.05,622.25,1,0,1.0
S2,840,900,60,30,-0.15470572916666664,28.26191981781147,-116.17,380.05,496.22,1,0,1.0
S2,870,930,60,30,0.08410677083333332,37.9480988164819,-314.16,225.36,539.52,1,0,1.0
S2,900,960,60,30,-0.10170312499999994,43.35171797544224,-314.16,225.36,539.52,1,0,1.0
S2,930,990,60,30,-0.030273437499999882,35.67406710563745,-182.35,204.13,386.48,1,0,1.0
S2,960,1020,60,30,0.26253125000000005,27.38319305190272,-182.35,204.13,386.48,1,0,1.0
S2,990,1050,60,30,0.0065859374999999686,22.960102573663203,-230.28,181.44,411.72,1,0,1.0
S2,1020,1080,60,30,0.03411197916666663,23.42825798766137,-230.28,181.44,411.72,1,0,1.0
S2,1050,1110,60,30,-0.051098958333333354,19.626275965436164,-78.59,87.06,165.65,1,0,1.0
S2,1080,1140,60,30,0.020757812499999993,21.78102319522498,-60.03,36.42,96.45,1,0,1.0
S2,1110,1170,60,30,0.06995572916666673,25.544831149600142,-171.28,101.42,272.7,1,0,1.0
S2,1140,1200,60,30,-0.3320364583333333,35.414638350527746,-225.29,212.29,437.58,1,0,1.0
S2,1170,1230,60,30,-0.06193489583333325,47.42619712545188,-261.35,444.13,705.48,1,0,1.0
S2,1200,1260,60,30,0.33202604166666677,40.110104195219996,-261.35,444.13,705.48,1,0,1.0
S2,1230,1290,60,30,0.0329713541666667,17.813341100001782,-65.1,62.53,127.63,1,0,1.0
S2,1260,1320,60,30,0.30294531250000006,45.31193627577075,-210.62,327.42,538.04,1,0,1.0
S2,1290,1350,60,30,-0.07365624999999962,58.37835233608075,-404.55,327.42,731.97,1,0,1.0
S2,1320,1380,60,30,-0.28816927083333294,42.85295623927602,-404.55,259.43,663.98,1,0,1.0
S2,1350,1410,60,30,-0.11722395833333325,43.575724515298376,-306.06,233.82,539.88,1,0,1.0
S2,1380,1440,60,30,0.8342109374999993,136.88754697953826,-668.24,464.19,1132.43,1,0,1.0
S2,2280,2340,60,30,0.34930989583333333,126.61448927160008,-762.88,450.12,1213.0,2,1,1.0
S2,2310,2370,60,30,-0.20361197916666657,92.75961760137093,-762.88,306.62,1069.5,2,1,1.0
S2,2340,2400,60,30,-0.5170781249999998,82.61098874332728,-731.27,306.62,1037.8899999999999,2,1,1.0
S2,2370,2430,60,30,-0.5074531250000001,66.16150754477079,-464.57,299.26,763.8299999999999,2,1,1.0
S2,2400,2460,60,30,-0.0646536458333333,78.95014320221891,-464.57,358.01,822.5799999999999,2,1,1.0
S2,2430,2490,60,30,0.723104166666667,91.27133438156382,-545.31,358.01,903.3199999999999,2,1,1.0
S2,2460,2520,60,30,0.03970052083333352,96.50701871139402,-545.31,314.1,859.41,2,1,1.0
S2,2490,2550,60,30,-0.32148177083333335,97.70403297964033,-649.86,575.34,1225.2,2,1,1.0
S2,2520,2580,60,30,0.10650520833333328,82.0890752366178,-649.86,575.34,1225.2,2,1,1.0
S2,2550,2610,60,30,-0.14405989583333334,57.046079274342226,-579.93,332.32,912.25,2,1,1.0
S2,2580,2640,60,30,-0.12838802083333317,32.56757472980958,-260.26,96.8,357.06,2,1,1.0
S2,2610,2670,60,30,0.23034635416666718,49.90687288339984,-342.26,222.31,564.5699999999999,2,1,1.0
S2,2640,2700,60,30,0.04995312500000022,52.932383108152415,-342.26,222.31,564.5699999999999,2,1,1.0
S2,2670,2730,60,30,-0.11858854166666676,37.41490944932963,-201.46,208.57,410.03,2,1,1.0
S2,2700,2760,60,30,0.15459635416666673,25.925493252973737,-151.26,139.7,290.96,2,1,1.0
S2,2730,2790,60,30,0.029765625000000084,33.08568420589412,-205.11,100.56,305.67,2,1,1.0
S2,2760,2820,60,30,-0.14879947916666653,43.826476541980774,-205.11,149.47,354.58000000000004,2,1,1.0
S2,2790,2850,60,30,-0.05087239583333325,43.89338732934762,-167.49,172.07,339.56,2,1,1.0
S2,2820,2880,60,30,-0.019104166666666523,38.543751473293085,-167.49,172.07,339.56,2,1,1.0
S2,4770,4830,60,30,-0.1300494791666669,30.26793212678935,-126.1,252.96,379.06,3,0,1.0
S2,4800,4860,60,30,-0.05896354166666685,28.7871751577186,-115.07,133.41,248.48,3,0,1.0
S2,4830,4890,60,30,0.06746614583333349,55.383872937185345,-557.03,274.22,831.25,3,0,1.0
S2,4860,4920,60,30,0.026046875000000285,53.41512126922615,-557.03,274.22,831.25,3,0,1.0
S2,4890,4950,60,30,0.007710937499999989,25.53035339092276,-143.47,103.2,246.67000000000002,3,0,1.0
S2,4920,4980,60,30,0.05266927083333336,24.53719791342731,-143.21,116.77,259.98,3,0,1.0
S2,4950,5010,60,30,-0.07637239583333323,19.998294361954045,-108.56,116.77,225.32999999999998,3,0,1.0
S2,4980,5040,60,30,-0.059830729166666624,56.73144428143713,-640.66,408.55,1049.21,3,0,1.0
S2,5010,5070,60,30,0.0909427083333334,66.71866320678858,-640.66,408.55,1049.21,3,0,1.0
S2,5040,5100,60,30,-0.014549479166666846,62.46607927636898,-484.97,274.9,759.87,3,0,1.0
S2,5070,5130,60,30,-0.06661979166666682,53.61919132906169,-471.2,274.9,746.0999999999999,3,0,0.9257857142857143
S3,360,420,60,30,-0.3204010416666667,24.16028935170098,-163.71,132.66,296.37,1,0,1.0
S3,390,450,60,30,0.15948697916666665,36.42203131808779,-283.57,178.35,461.91999999999996,1,0,1.0
S3,420,480,60,30,0.11800520833333335,51.060532423638016,-283.57,345.41,628.98,1,0,1.0
S3,450,510,60,30,-0.1197057291666667,41.881716248609365,-240.18,345.41,585.59,1,0,1.0
S3,480,540,60,30,-0.0773984375000001,21.71742598788273,-109.07,120.1,229.17,1,0,1.0
S3,510,570,60,30,0.007721354166666683,16.82742290907607,-157.94,80.39,238.32999999999998,1,0,1.0
S3,540,600,60,30,-0.05257812499999993,19.1326868884645,-157.94,80.39,238.32999999999998,1,0,1.0
S3,570,630,60,30,0.17124739583333334,22.75911277381645,-85.1,114.32,199.42,1,0,1.0
S3,600,660,60,30,0.0008906250000002262,32.59331873937311,-117.7,116.69,234.39,1,0,1.0
S3,630,690,60,30,-0.18088020833333315,33.05166185396079,-161.73,146.34,308.07,1,0,1.0
S3,660,720,60,30,0.03681770833333323,36.27418143930707,-161.73,185.1,346.83,1,0,1.0
S3,690,750,60,30,-0.11640364583333344,40.43667325028867,-152.58,185.1,337.68,1,0,1.0
S3,720,780,60,30,-0.037632812499999994,28.365359317557242,-127.18,124.46,251.64,1,0,1.0
S3,750,810,60,30,0.25734114583333334,38.50610908969341,-376.37,197.15,573.52,1,0,1.0
S3,780,840,60,30,-0.00793229166666638,68.7684451324364,-815.51,378.75,1194.26,1,0,1.0
S3,810,870,60,30,-0.03128906249999955,92.91598945771405,-815.51,597.3,1412.81,1,0,1.0
S3,840,900,60,30,0.026239583333333583,76.4338910436857,-564.25,597.3,1161.55,1,0,1.0
S3,870,930,60,30,-0.09998437499999986,37.69747327476789,-286.28,350.83,637.1099999999999,1,0,1.0
S3,900,960,60,30,0.14945833333333308,61.99012262607794,-346.01,596.91,942.92,1,0,1.0
S3,930,990,60,30,-0.01802604166666697,57.75856631279674,-346.01,596.91,942.92,1,0,1.0
S3,960,1020,60,30,-0.12073177083333334,19.152724535867037,-313.8,156.09,469.89,1,0,1.0
S3,990,1050,60,30,0.04560156250000001,8.267383063039913,-45.74,37.84,83.58000000000001,1,0,1.0
S3,1020,1080,60,30,-0.1488489583333333,10.810658026057114,-59.96,56.43,116.39,1,0,1.0
S3,1050,1110,60,30,0.03318489583333335,16.643543131058266,-89.41,56.43,145.84,1,0,1.0
S3,1080,1140,60,30,-0.03636979166666675,20.89672929199298,-89.41,99.7,189.11,1,0,1.0
S3,1110,1170,60,30,-0.15390364583333352,26.03899597730951,-124.93,183.76,308.69,1,0,1.0
S3,1140,1200,60,30,0.2070911458333332,25.413966840598217,-124.93,183.76,308.69,1,0,1.0
S3,1170,1230,60,30,0.1083307291666667,34.54759737937638,-323.02,339.8,662.8199999999999,1,0,1.0
S3,1200,1260,60,30,-0.04033072916666664,35.547535882427816,-323.02,339.8,662.8199999999999,1,0,1.0
S3,1230,1290,60,30,0.01644010416666659,18.016874561581613,-188.7,157.11,345.81,1,0,1.0
S3,1260,1320,60,30,-0.03947395833333336,8.70514215159811,-57.41,39.08,96.49,1,0,1.0
S3,1290,1350,60,30,-0.051669270833333315,7.2511556693853905,-49.57,37.95,87.52000000000001,1,0,1.0
S3,1320,1380,60,30,0.022765625,7.10740879274238,-49.57,37.95,87.52000000000001,1,0,1.0
S3,1350,1410,60,30,-0.016187500000000007,6.314023083272167,-18.19,12.8,30.990000000000002,1,0,1.0
S3,1380,1440,60,30,-0.012343749999999964,14.893582747576865,-98.39,145.22,243.61,1,0,1.0
S3,1410,1470,60,30,0.04698437500000009,15.654169073942866,-98.39,145.22,243.61,1,0,1.0
S3,1440,1500,60,30,0.03511197916666669,11.708700176843314,-96.96,93.97,190.93,1,0,0.8809047619047619
S3,2250,2310,60,30,-0.0675911458333334,16.559453833225096,-78.47,103.58,182.05,2,1,1.0
S3,2280,2340,60,30,-0.0005026041666666019,15.420803368964409,-78.45,89.16,167.61,2,1,1.0
S3,2310,2370,60,30,0.10888541666666676,16.72754780536049,-87.5,71.32,158.82,2,1,1.0
S3,2340,2400,60,30,0.015333333333333274,21.479196059873196,-166.38,177.78,344.15999999999997,2,1,1.0
S3,2370,2430,60,30,-0.0924661458333334,23.33753301609876,-166.38,177.78,344.15999999999997,2,1,1.0
S3,2400,2460,60,30,0.031888020833333315,18.598385282256423,-112.45,123.64,236.09,2,1,1.0
S3,2430,2490,60,30,-0.0907161458333334,16.323554701930792,-81.61,88.62,170.23000000000002,2,1,1.0
S3,2460,2520,60,30,0.000190104166666627,17.61787700451312,-88.25,88.62,176.87,2,1,1.0
S3,2490,2550,60,30,0.12852604166666665,14.517450988104976,-88.25,66.5,154.75,2,1,1.0
S3,2520,2580,60,30,-0.00146354166666669,10.208141503829797,-36.45,114.97,151.42000000000002,2,1,1.0
S3,2550,2610,60,30,-0.007002604166666663,8.299541911304095,-60.68,114.97,175.65,2,1,1.0
S3,2580,2640,60,30,-0.007315104166666675,7.454037594700564,-60.68,32.68,93.36,2,1,1.0
S3,2610,2670,60,30,-0.009093750000000001,7.008635537348022,-48.25,32.68,80.93,2,1,1.0
S3,2640,2700,60,30,0.0057916666666667175,8.418716428313001,-48.25,37.56,85.81,2,1,1.0
S3,2670,2730,60,30,0.0003359375000000127,10.359471819138319,-42.72,72.95,115.67,2,1,1.0
S3,2700,2760,60,30,-0.022898437500000014,8.604486278976898,-39.37,72.95,112.32,2,1,1.0
S3,2730,2790,60,30,-0.03390104166666665,5.846346124806551,-25.16,23.94,49.1,2,1,1.0
S3,2760,2820,60,30,-0.024539062499999948,8.809432740205427,-50.09,83.78,133.87,2,1,1.0
S3,2790,2850,60,30,-0.10538541666666663,9.556505324548334,-50.09,83.78,133.87,2,1,1.0
S3,2820,2880,60,30,0.042281249999999916,9.489183716653315,-66.12,61.83,127.95,2,1,1.0
S3,5010,5070,60,30,0.5981640625000002,23.853891400285722,-159.15,140.49,299.64,3,0,1.0
S3,5040,5100,60,30,0.027463541666666914,20.328068850773697,-136.42,140.49,276.90999999999997,3,0,1.0
S3,5070,5130,60,30,-0.5723151041666665,15.634149923580784,-136.42,55.47,191.89,3,0,1.0
S3,5100,5160,60,30,0.10050520833333332,18.390356201093493,-102.67,84.61,187.28,3,0,1.0
S3,5130,5190,60,30,-0.11753385416666676,32.3981769072415,-217.01,325.49,542.5,3,0,1.0
S3,5160,5220,60,30,-0.02902604166666663,31.374407836200486,-217.01,325.49,542.5,3,0,1.0
S3,5190,5250,60,30,0.02188802083333341,23.346203666294134,-158.2,128.93,287.13,3,0,1.0
S3,5220,5280,60,30,-0.008111979166666682,18.693064460096842,-158.2,128.93,287.13,3,0,1.0
S3,5250,5310,60,30,0.03641666666666667,15.083672734095817,-135.16,122.76,257.92,3,0,1.0
S3,5280,5340,60,30,-0.02803385416666669,15.320402967866485,-135.16,122.76,257.92,3,0,1.0
S3,5310,5370,60,30,-0.037218750000000064,12.263361521471799,-82.22,104.31,186.53,3,0,1.0
S4,270,330,60,30,0.21780468750000057,87.77486444169952,-467.49,528.59,996.08,1,0,0.7451190476190476
S4,300,360,60,30,0.5702968749999999,64.6051589046832,-467.49,219.12,686.61,1,0,1.0
S4,330,390,60,30,-0.17707552083333328,44.976142138713904,-156.03,219.12,375.15,1,0,1.0
S4,360,420,60,30,0.113921875,40.9763306568324,-114.8,125.89,240.69,1,0,1.0
S4,390,450,60,30,-0.18154947916666686,38.17845498882176,-114.8,103.91,218.70999999999998,1,0,1.0
S4,420,480,60,30,-0.04807031250000017,38.43880077135404,-131.64,86.64,218.27999999999997,1,0,1.0
S4,450,510,60,30,0.02906510416666664,37.6797477016546,-131.64,86.64,218.27999999999997,1,0,1.0
S4,480,540,60,30,0.1694739583333334,35.90154140630009,-118.22,69.53,187.75,1,0,1.0
S4,510,570,60,30,0.02063802083333345,34.48198940183925,-118.22,64.38,182.6,1,0,1.0
S4,540,600,60,30,-0.31751822916666667,32.03240960441115,-88.0,64.38,152.38,1,0,1.0
S4,570,630,60,30,0.1071874999999999,32.23243887837495,-83.15,53.47,136.62,1,0,1.0
S4,600,660,60,30,0.10590885416666658,33.982685828243,-92.78,53.47,146.25,1,0,1.0
S4,630,690,60,30,0.02132812499999995,43.2160281609372,-255.01,133.66,388.66999999999996,1,0,1.0
S4,660,720,60,30,0.13359374999999993,43.47034538830708,-255.01,133.66,388.66999999999996,1,0,1.0
S4,690,750,60,30,-0.08196614583333342,35.48024189181888,-116.21,78.19,194.39999999999998,1,0,1.0
S4,720,780,60,30,-0.0361901041666667,36.595568620341886,-116.21,111.36,227.57,1,0,1.0
S4,750,810,60,30,0.34566145833333334,37.13021056840561,-91.72,111.36,203.07999999999998,1,0,1.0
S4,780,840,60,30,-0.21359635416666667,36.66997012640513,-108.46,74.28,182.74,1,0,1.0
S4,810,870,60,30,-0.37980989583333324,34.73829025789821,-108.46,81.83,190.29,1,0,1.0
S4,840,900,60,30,0.37176562500000027,34.57748499983506,-106.08,150.86,256.94,1,0,1.0
S4,870,930,60,30,0.06349218750000002,38.22705082542773,-106.68,150.86,257.54,1,0,1.0
S4,900,960,60,30,-0.04637760416666685,39.35932952363548,-106.68,97.11,203.79000000000002,1,0,1.0
S4,930,990,60,30,0.11518229166666653,38.321914367631784,-100.52,76.52,177.04,1,0,1.0
S4,960,1020,60,30,-0.20769531250000015,36.97761921470031,-100.52,76.52,177.04,1,0,1.0
S4,990,1050,60,30,-0.05302083333333343,36.37770886662576,-96.99,59.78,156.76999999999998,1,0,1.0
S4,1020,1080,60,30,-0.015976562500000093,36.13849708981973,-93.73,57.01,150.74,1,0,1.0
S4,1050,1110,60,30,0.08622395833333328,35.528089029167134,-86.97,64.39,151.36,1,0,1.0
S4,1080,1140,60,30,-0.03593229166666676,37.00315340047047,-103.47,112.89,216.36,1,0,1.0
S4,1110,1170,60,30,-0.2559479166666668,36.042736469008155,-103.47,112.89,216.36,1,0,1.0
S4,1140,1200,60,30,0.15177864583333353,37.8826400192913,-205.98,103.99,309.96999999999997,1,0,1.0
S4,1170,1230,60,30,-0.8255312499999999,61.57451248901156,-322.43,404.27,726.7,1,0,1.0
S4,1200,1260,60,30,0.23995833333333347,78.60801886508843,-481.65,404.27,885.92,1,0,1.0
S4,1230,1290,60,30,0.8632421875000004,63.64207849112497,-481.65,334.55,816.2,1,0,1.0
S4,1260,1320,60,30,-0.2930494791666668,37.13968017200474,-128.0,150.29,278.28999999999996,1,0,1.0
S4,1290,1350,60,30,-0.07524479166666662,33.156468828094624,-116.0,81.87,197.87,1,0,1.0
S4,1320,1380,60,30,-0.0006770833333331024,32.876323231606335,-90.46,118.25,208.70999999999998,1,0,1.0
S4,1350,1410,60,30,0.12433854166666676,33.29728607762785,-97.79,118.25,216.04000000000002,1,0,1.0
S4,1380,1440,60,30,0.012705729166666523,34.316036013867794,-97.79,67.84,165.63,1,0,1.0
S4,1830,1890,60,30,0.1499921875,51.40286936629589,-158.55,99.66,258.21000000000004,3,0,0.9617619047619047
S4,1860,1920,60,30,0.08867968750000044,71.1371731275181,-269.59,522.28,791.8699999999999,3,0,1.0
S4,1890,1950,60,30,-0.011510416666666235,101.23216895849637,-446.7,522.28,968.98,3,0,1.0
S4,1920,1980,60,30,0.05779947916666671,89.66975433312459,-446.7,347.06,793.76,3,0,1.0
S4,1950,2010,60,30,0.2686041666666667,73.74873607553657,-572.43,335.04,907.47,3,0,1.0
S4,1980,2040,60,30,-0.0058385416666665675,78.92344331874041,-572.43,335.04,907.47,3,0,1.0
S4,2010,2070,60,30,-0.22109114583333322,64.96811841389354,-263.46,285.82,549.28,3,0,1.0
S4,2040,2100,60,30,0.01108333333333323,60.350249462023534,-156.97,99.28,256.25,3,0,1.0
S4,2070,2130,60,30,-0.06620312500000004,60.9936529934023,-169.02,115.32,284.34000000000003,3,0,1.0
S4,2100,2160,60,30,-0.04511458333333333,62.74332980142354,-169.02,115.32,284.34000000000003,3,0,1.0
S4,2130,2190,60,30,0.1170989583333333,60.19726730734093,-151.65,107.19,258.84000000000003,3,0,1.0
S4,2160,2220,60,30,0.15491406249999973,61.29317443258968,-176.7,123.62,300.32,3,0,0.7382380952380952
S4,3600,3660,60,30,0.1977447916666666,113.71301666786306,-432.66,648.68,1081.34,2,1,0.7784285714285715
S4,3630,3690,60,30,-1.8204609374999998,114.60545643696935,-432.66,648.68,1081.34,2,1,1.0
S4,3660,3720,60,30,-1.643606770833333,70.13172462622387,-444.39,278.54,722.9300000000001,2,1,1.0
S4,3690,3750,60,30,0.21937760416666674,78.04903700894766,-444.39,278.54,722.9300000000001,2,1,1.0
S4,3720,3780,60,30,0.18417708333333327,79.64890629970681,-402.71,269.2,671.91,2,1,1.0
S4,3750,3810,60,30,0.006648437499999934,71.99184232425912,-402.71,386.04,788.75,2,1,1.0
S4,3780,3840,60,30,0.6757083333333329,64.6807742261815,-388.09,386.04,774.13,2,1,1.0
S4,3810,3870,60,30,-0.34572656250000006,76.47156829156903,-406.87,329.27,736.14,2,1,1.0
S4,3840,3900,60,30,-0.18120833333333372,74.0211960409422,-406.87,329.27,736.14,2,1,1.0
S4,3870,3930,60,30,0.45548697916666636,52.96498969122923,-359.73,206.75,566.48,2,1,1.0
S4,3900,3960,60,30,-0.19775260416666657,68.55682126039261,-268.36,331.69,600.05,2,1,1.0
S4,3930,3990,60,30,-0.10628645833333354,81.47359119844975,-425.33,331.69,757.02,2,1,1.0
S4,3960,4020,60,30,0.2108281250000001,78.87326871047392,-425.33,262.36,687.69,2,1,1.0
S4,3990,4050,60,30,-0.15070052083333324,87.6820765102532,-331.65,266.18,597.8299999999999,2,1,1.0
S4,4020,4080,60,30,0.14130468749999944,96.66526457500171,-331.65,324.85,656.5,2,1,1.0
S4,4050,4110,60,30,-0.22752864583333357,95.26856800733624,-308.0,324.85,632.85,2,1,1.0
S4,4080,4140,60,30,-0.10964843749999957,99.94171927254627,-308.0,430.63,738.63,2,1,1.0
S4,4110,4170,60,30,0.23311197916666682,111.52991475957977,-386.36,430.63,816.99,2,1,1.0
S4,4140,4200,60,30,0.3532682291666665,116.81160281812107,-386.36,316.38,702.74,2,1,1.0
S4,4170,4230,60,30,-0.08638541666666745,123.05201235934659,-450.16,902.17,1352.33,2,1,1.0
S4,4200,4260,60,30,-1.3145963541666683,148.7466253930712,-946.79,1095.96,2042.75,2,1,0.8049047619047619
S5,270,330,60,30,-3.2321354166666656,217.953508732779,-1092.57,743.27,1835.84,1,0,0.8438095238095238
S5,300,360,60,30,0.9846927083333337,189.8879424001642,-1092.57,743.27,1835.84,1,0,1.0
S5,330,390,60,30,2.530947916666667,146.88870330626955,-822.42,623.53,1445.9499999999998,1,0,1.0
S5,360,420,60,30,-0.0946458333333335,128.54580326547512,-822.42,604.86,1427.28,1,0,1.0
S5,390,450,60,30,-0.3486640625000004,114.29378016195835,-727.28,691.01,1418.29,1,0,1.0
S5,420,480,60,30,-0.009526041666666795,90.24544562685668,-545.71,691.01,1236.72,1,0,1.0
S5,450,510,60,30,-0.13659374999999999,31.55393604379324,-259.22,103.89,363.11,1,0,1.0
S5,480,540,60,30,0.10096875000000012,80.92745961822501,-849.75,518.27,1368.02,1,0,1.0
S5,510,570,60,30,0.1836692708333332,123.69103280873541,-849.75,518.27,1368.02,1,0,1.0
S5,540,600,60,30,-0.10653124999999983,152.09543704717754,-819.15,848.5,1667.65,1,0,1.0
S5,570,630,60,30,0.1463619791666671,141.54617788305436,-805.01,848.5,1653.51,1,0,1.0
S5,600,660,60,30,0.11700520833333321,111.66986156743258,-802.81,611.95,1414.76,1,0,1.0
S5,630,690,60,30,-0.16303125,88.03760953025193,-802.81,611.95,1414.76,1,0,1.0
S5,660,720,60,30,-0.14702343749999983,38.35647109910574,-224.72,193.17,417.89,1,0,1.0
S5,690,750,60,30,-0.03737239583333347,56.69639435365419,-695.84,300.42,996.26,1,0,1.0
S5,720,780,60,30,-0.04044531250000006,56.81762105068276,-695.84,300.42,996.26,1,0,1.0
S5,750,810,60,30,0.0050546874999999915,22.093655111704038,-113.77,89.21,202.98,1,0,1.0
S5,780,840,60,30,0.0502604166666666,22.823882884649212,-113.77,89.21,202.98,1,0,1.0
S5,810,870,60,30,-0.06278385416666647,47.106058808213454,-737.93,240.09,978.02,1,0,1.0
S5,840,900,60,30,0.12980989583333358,51.55297300966973,-737.93,240.09,978.02,1,0,1.0
S5,870,930,60,30,-0.04621875000000004,31.872085489697174,-115.16,115.32,230.48,1,0,1.0
S5,900,960,60,30,-0.064059895833333,76.945873762432,-766.81,526.23,1293.04,1,0,1.0
S5,930,990,60,30,0.0117526041666664,119.57863009345498,-810.69,526.23,1336.92,1,0,1.0
S5,960,1020,60,30,-0.12752864583333406,99.30901812551501,-810.69,525.84,1336.5300000000002,1,0,1.0
S5,990,1050,60,30,-0.9769635416666664,92.29573149860862,-632.04,398.44,1030.48,1,0,1.0
S5,1020,1080,60,30,-0.21065885416666602,127.05981367490813,-755.05,425.19,1180.24,1,0,1.0
S5,1050,1110,60,30,1.1591223958333337,124.53129324585456,-755.05,743.79,1498.84,1,0,1.0
S5,1080,1140,60,30,0.3161276041666667,85.39325684449422,-637.71,743.79,1381.5,1,0,1.0
S5,1110,1170,60,30,0.1107890624999999,87.98423480425866,-878.8,557.66,1436.46,1,0,1.0
S5,1140,1200,60,30,0.22204166666666683,121.71300331598174,-878.8,744.43,1623.23,1,0,1.0
S5,1170,1230,60,30,-0.13080468749999977,104.07665846976778,-765.59,744.43,1510.02,1,0,1.0
S5,1200,1260,60,30,-0.20774218749999962,132.56093460328754,-1224.81,1405.45,2630.26,1,0,1.0
S5,1230,1290,60,30,-0.03530989583333295,120.08507212340396,-1224.81,1405.45,2630.26,1,0,1.0
S5,1260,1320,60,30,-0.03207552083333325,51.901117772961676,-725.29,341.9,1067.19,1,0,1.0
S5,1290,1350,60,30,-0.07905208333333297,57.337613981768435,-725.29,341.9,1067.19,1,0,1.0
S5,1320,1380,60,30,0.7253229166666674,100.95825832857595,-800.95,689.53,1490.48,1,0,1.0
S5,1350,1410,60,30,-0.011507812499999303,110.12828656036238,-800.95,689.53,1490.48,1,0,1.0
S5,1380,1440,60,30,-0.7031692708333329,64.92122119291719,-677.43,686.28,1363.71,1,0,1.0
S5,1410,1470,60,30,-0.04110156249999985,67.06313447556415,-629.3,510.4,1139.6999999999998,1,0,1.0
S5,1860,1920,60,30,0.028052083333332926,126.57007787687303,-845.72,705.44,1551.16,3,0,0.9604761904761905
S5,1890,1950,60,30,0.04039322916666575,140.17678565340773,-660.16,746.45,1406.6100000000001,3,0,1.0
S5,1920,1980,60,30,-0.6563671875000007,141.47842792353234,-595.07,758.33,1353.4,3,0,1.0
S5,1950,2010,60,30,-0.6854088541666669,132.9473642036088,-595.07,758.33,1353.4,3,0,1.0
S5,1980,2040,60,30,0.8730078124999998,106.07982357806836,-454.89,590.47,1045.3600000000001,3,0,1.0
S5,2010,2070,60,30,0.32761458333333354,84.63908019119697,-454.89,280.93,735.8199999999999,3,0,1.0
S5,2040,2100,60,30,-0.10339322916666678,68.66623876298881,-195.16,230.99,426.15,3,0,1.0
S5,2070,2130,60,30,-0.4796744791666668,100.34065596949637,-1319.66,774.75,2094.41,3,0,1.0
S5,2100,2160,60,30,-0.8243098958333331,110.9731301022009,-1319.66,774.75,2094.41,3,0,1.0
S5,2130,2190,60,30,0.24519010416666673,77.06844644545487,-557.59,400.87,958.46,3,0,1.0
S5,2160,2220,60,30,0.7330651041666668,63.102314414649996,-490.8,386.63,877.4300000000001,3,0,1.0
S5,2190,2250,60,30,0.18394010416666676,63.051118177713185,-490.8,386.63,877.4300000000001,3,0,0.7728571428571429
S5,3600,3660,60,30,7.0748255208333335,204.3525679322146,-1049.49,1623.26,2672.75,2,1,0.9604761904761905
S5,3630,3690,60,30,0.23333072916666708,198.22924048012723,-1049.49,506.67,1556.16,2,1,1.0
S5,3660,3720,60,30,1.6832135416666663,185.60868432669213,-610.18,593.1,1203.28,2,1,1.0
S5,3690,3750,60,30,-1.3061796875000005,183.07513877138103,-651.47,597.64,1249.1100000000001,2,1,1.0
S5,3720,3780,60,30,-0.7652265625000001,186.8557270966101,-752.27,597.64,1349.9099999999999,2,1,1.0
S5,3750,3810,60,30,0.08081249999999969,196.00262315253124,-988.99,754.7,1743.69,2,1,1.0
S5,3780,3840,60,30,-0.47974218750000003,164.88462803740222,-988.99,754.7,1743.69,2,1,1.0
S5,3810,3870,60,30,-0.04885416666666617,103.31612411514791,-804.36,469.57,1273.93,2,1,1.0
S5,3840,3900,60,30,0.4379557291666668,88.44515365534637,-591.45,430.28,1021.73,2,1,1.0
S5,3870,3930,60,30,0.1309270833333336,88.04992625916664,-565.71,430.28,995.99,2,1,1.0
S5,3900,3960,60,30,0.008544270833333586,67.91429822064516,-565.71,427.47,993.1800000000001,2,1,1.0
S5,3930,3990,60,30,0.31249739583333314,143.59815119928095,-1337.14,669.23,2006.3700000000001,2,1,1.0
S5,3960,4020,60,30,0.19548697916666669,203.2110117803001,-1337.14,788.05,2125.19,2,1,1.0
S5,3990,4050,60,30,0.14555989583333423,220.04108332628536,-1450.07,788.05,2238.12,2,1,1.0
S5,4020,4080,60,30,0.3183645833333337,185.2949826669469,-1450.07,778.13,2228.2,2,1,1.0
S5,4050,4110,60,30,-0.6717031250000001,185.99882329605217,-784.5,681.53,1466.03,2,1,1.0
S5,4080,4140,60,30,-2.3882161458333333,291.45057956651317,-1617.86,1789.0,3406.8599999999997,2,1,1.0
S5,4110,4170,60,30,0.5754479166666665,294.63859000849703,-1617.86,1789.0,3406.8599999999997,2,1,1.0
S5,4140,4200,60,30,2.1419739583333333,265.15634079581895,-988.07,784.06,1772.13,2,1,1.0
S5,4170,4230,60,30,-0.4159531250000004,273.6644999507797,-1317.83,1304.01,2621.84,2,1,1.0
S5,4200,4260,60,30,-0.09063020833333339,248.31531609144133,-1317.83,1304.01,2621.84,2,1,0.7895238095238095
S6,630,690,60,30,0.13011979166666685,50.28675493675232,-224.11,265.23,489.34000000000003,1,0,0.7884047619047619
S6,660,720,60,30,0.11501822916666686,46.202935339196806,-224.11,265.23,489.34000000000003,1,0,1.0
S6,690,750,60,30,-0.18822916666666675,26.96078837847939,-100.98,230.23,331.21,1,0,1.0
S6,720,780,60,30,0.1671536458333334,38.199306727693276,-335.97,205.38,541.35,1,0,1.0
S6,750,810,60,30,0.23206510416666676,37.56271810018394,-335.97,205.38,541.35,1,0,1.0
S6,780,840,60,30,-0.5647421874999999,25.569181905546948,-118.9,166.46,285.36,1,0,1.0
S6,810,870,60,30,-0.22589062500000007,27.420342357236116,-118.9,166.46,285.36,1,0,1.0
S6,840,900,60,30,0.3968619791666666,20.750364942114878,-59.49,70.27,129.76,1,0,1.0
S6,870,930,60,30,-0.060906250000000016,19.008103839534975,-63.33,50.94,114.27,1,0,1.0
S6,900,960,60,30,-0.0009062500000000343,17.724804840297328,-63.33,50.94,114.27,1,0,1.0
S6,930,990,60,30,0.039554687500000026,17.692422341706685,-53.4,63.23,116.63,1,0,1.0
S6,960,1020,60,30,-0.04365104166666664,21.121623554209275,-115.16,63.23,178.39,1,0,1.0
S6,990,1050,60,30,0.03734374999999998,22.441774017874256,-115.16,61.6,176.76,1,0,1.0
S6,1020,1080,60,30,0.09191927083333339,20.557881528917918,-91.78,49.3,141.07999999999998,1,0,1.0
S6,1050,1110,60,30,-0.06320572916666671,26.33706403312182,-95.95,111.66,207.61,1,0,1.0
S6,1080,1140,60,30,-0.2720364583333333,38.912931750452024,-203.46,177.93,381.39,1,0,1.0
S6,1110,1170,60,30,0.08682031250000002,46.69729370581211,-235.2,200.7,435.9,1,0,1.0
S6,1140,1200,60,30,0.30104166666666654,39.84600972622516,-235.2,200.7,435.9,1,0,1.0
S6,1170,1230,60,30,-0.12484895833333333,38.438689768552464,-213.51,129.77,343.28,1,0,1.0
S6,1200,1260,60,30,-0.10148177083333333,37.04741203451864,-213.51,129.77,343.28,1,0,1.0
S6,1230,1290,60,30,0.12749739583333333,27.422199743328655,-121.7,116.5,238.2,1,0,1.0
S6,1260,1320,60,30,-0.1343359375,34.38964733733256,-239.64,123.25,362.89,1,0,1.0
S6,1290,1350,60,30,-0.9025833333333334,45.95881233782561,-391.83,236.62,628.45,1,0,1.0
S6,1320,1380,60,30,0.23737239583333317,66.42143030684565,-391.83,354.23,746.06,1,0,1.0
S6,1350,1410,60,30,0.7191223958333333,68.74163228687681,-451.67,354.23,805.9000000000001,1,0,1.0
S6,1380,1440,60,30,-0.06072656249999984,50.11937957442443,-451.67,352.41,804.08,1,0,1.0
S6,1410,1470,60,30,0.1078593749999999,29.977707297135392,-228.75,352.41,581.1600000000001,1,0,1.0
S6,1440,1500,60,30,-0.06025781250000005,12.82288772855622,-38.64,45.11,83.75,1,0,1.0
S6,1470,1530,60,30,0.020072916666666624,21.48212830846492,-153.53,100.28,253.81,1,0,1.0
S6,1500,1560,60,30,0.046622395833333295,24.04852012778711,-153.53,100.28,253.81,1,0,1.0
S6,1530,1590,60,30,0.0027604166666667243,19.967614475666586,-58.8,32.53,91.33,1,0,1.0
S6,1560,1620,60,30,-0.021937499999999957,20.99788589423573,-100.68,78.61,179.29000000000002,1,0,1.0
S6,1590,1650,60,30,-0.02144010416666664,19.664030464225156,-100.68,78.61,179.29000000000002,1,0,1.0
S6,1620,1680,60,30,-0.02270312499999999,16.682549608591465,-70.35,60.37,130.72,1,0,1.0
S6,1650,1710,60,30,-0.025919270833333462,19.40754801452752,-127.69,93.29,220.98000000000002,1,0,1.0
S6,1680,1740,60,30,0.00814322916666658,21.862807889610774,-127.69,93.29,220.98000000000002,1,0,1.0
S6,1710,1770,60,30,-0.20660156249999992,32.085862392272254,-156.1,230.37,386.47,1,0,1.0
S6,1740,1800,60,30,-0.046760416666666624,41.68229262422294,-343.95,322.79,666.74,1,0,1.0
S6,1770,1830,60,30,0.18789322916666643,37.64587444699917,-343.95,322.79,666.74,1,0,0.8782619047619048
S6,2430,2490,60,30,-0.06207031250000013,40.337161452848676,-244.86,287.38,532.24,2,1,0.8217380952380953
S6,2460,2520,60,30,0.1690104166666667,43.95015021613379,-300.7,236.91,537.61,2,1,1.0
S6,2490,2550,60,30,-0.206028645833333,62.47659676317649,-300.7,361.93,662.63,2,1,1.0
S6,2520,2580,60,30,0.41573437499999966,73.43926203830976,-299.41,361.93,661.34,2,1,1.0
S6,2550,2610,60,30,0.372354166666666,62.94612302132858,-222.22,335.14,557.36,2,1,1.0
S6,2580,2640,60,30,-0.5483828125000002,42.452928486716274,-222.22,257.51,479.73,2,1,1.0
S6,2610,2670,60,30,-0.0905416666666668,41.76738655835353,-320.87,257.51,578.38,2,1,1.0
S6,2640,2700,60,30,0.10035416666666644,39.706618089216555,-320.87,227.13,548.0,2,1,1.0
S6,2670,2730,60,30,0.4843437499999999,40.14283622898157,-262.39,160.8,423.19,2,1,1.0
S6,2700,2760,60,30,-0.020322916666666656,46.050667275973225,-262.39,264.87,527.26,2,1,1.0
S6,2730,2790,60,30,-0.4280729166666667,34.51500690422718,-208.33,264.87,473.20000000000005,2,1,1.0
S6,2760,2820,60,30,-0.15846354166666668,20.801979277416027,-111.33,73.9,185.23000000000002,2,1,1.0
S6,2790,2850,60,30,-0.19460937500000006,30.564808407258372,-111.33,109.46,220.79,2,1,1.0
S6,2820,2880,60,30,-0.10333593750000003,30.146264496887714,-116.55,109.46,226.01,2,1,1.0
S6,2850,2910,60,30,0.02764843750000005,22.87656368212773,-116.55,99.16,215.70999999999998,2,1,1.0
S6,2880,2940,60,30,0.4517395833333333,30.152607790325256,-178.71,206.86,385.57000000000005,2,1,1.0
S6,2910,2970,60,30,0.13984635416666666,35.875844417360895,-178.71,206.86,385.57000000000005,2,1,1.0
S6,2940,3000,60,30,-0.4001666666666665,45.33414840535652,-252.07,231.35,483.41999999999996,2,1,1.0
S6,2970,3030,60,30,-0.11839583333333327,45.42490394217489,-252.07,231.35,483.41999999999996,2,1,1.0
S6,3000,3060,60,30,0.07597656249999997,34.364535935116436,-165.38,185.53,350.90999999999997,2,1,1.0
S6,3030,3090,60,30,0.18615364583333338,34.44797606570331,-165.38,177.98,343.36,2,1,1.0
S6,5550,5610,60,30,0.004640625,7.21193830684116,-39.73,32.75,72.47999999999999,3,0,0.9884047619047619
S6,5580,5640,60,30,0.038268229166666744,24.998318573579667,-271.27,114.14,385.40999999999997,3,0,1.0
S6,5610,5670,60,30,-0.037656249999999926,32.4710960241079,-271.27,252.99,524.26,3,0,1.0
S6,5640,5700,60,30,-0.12095052083333338,22.31615064924135,-135.2,252.99,388.19,3,0,1.0
S6,5670,5730,60,30,0.09937760416666647,11.85988928740477,-82.0,88.77,170.76999999999998,3,0,1.0
S6,5700,5760,60,30,-0.047557291666666814,12.063770821306635,-82.0,88.77,170.76999999999998,3,0,1.0
S6,5730,5790,60,30,-0.09893489583333331,10.855463787781929,-70.02,90.21,160.23,3,0,1.0
S6,5760,5820,60,30,0.006421874999999948,115.64166539136613,-600.95,653.83,1254.7800000000002,3,0,1.0
S6,5790,5850,60,30,0.00938020833333327,118.22833993432486,-600.95,653.83,1254.7800000000002,3,0,1.0
S6,5820,5880,60,30,0.1333619791666667,30.803954221857694,-221.07,160.19,381.26,3,0,1.0
S6,5850,5910,60,30,0.19327083333333336,25.53735341122032,-182.63,171.05,353.68,3,0,1.0
S6,5880,5940,60,30,-0.09228125000000001,32.575763705457696,-204.52,171.05,375.57000000000005,3,0,0.7115952380952381
S7,90,150,60,30,0.09433333333333352,46.15260995603035,-282.98,287.63,570.61,1,0,0.8228095238095238
S7,120,180,60,30,0.3488776041666668,33.36116451547772,-226.31,234.46,460.77,1,0,1.0
S7,150,210,60,30,-0.024973958333333223,32.58329712139957,-226.31,234.46,460.77,1,0,1.0
S7,180,240,60,30,-0.08572135416666668,13.112220903864133,-34.76,29.41,64.17,1,0,1.0
S7,210,270,60,30,-0.06340624999999998,15.35102405010963,-69.03,111.72,180.75,1,0,1.0
S7,240,300,60,30,-0.010424479166666644,15.20531442703589,-69.03,111.72,180.75,1,0,1.0
S7,270,330,60,30,0.028067708333333333,13.584049303686987,-53.09,25.81,78.9,1,0,1.0
S7,300,360,60,30,-0.04541406250000002,13.333953886031038,-61.39,58.42,119.81,1,0,1.0
S7,330,390,60,30,0.011190104166666662,10.96482087344691,-61.39,58.42,119.81,1,0,1.0
S7,360,420,60,30,0.011851562499999958,22.568615727788696,-156.27,140.24,296.51,1,0,1.0
S7,390,450,60,30,0.043880208333333365,29.110783281755175,-156.27,140.24,296.51,1,0,1.0
S7,420,480,60,30,0.031200520833333415,21.646862150912884,-91.51,69.96,161.47,1,0,1.0
S7,450,510,60,30,-0.003940104166666654,12.869137355411752,-33.54,34.79,68.33,1,0,1.0
S7,480,540,60,30,0.022273437500000017,30.655550760174037,-186.74,187.12,373.86,1,0,1.0
S7,510,570,60,30,-0.07957291666666665,31.51301474647181,-186.74,187.12,373.86,1,0,1.0
S7,540,600,60,30,-0.04710937499999997,13.677224709672299,-44.13,70.96,115.09,1,0,1.0
S7,570,630,60,30,0.17406249999999995,40.06324736115501,-313.46,267.91,581.37,1,0,1.0
S7,600,660,60,30,0.13907552083333324,45.65343411524625,-313.46,267.91,581.37,1,0,1.0
S7,630,690,60,30,-0.19559375000000004,30.187506493470014,-226.31,149.24,375.55,1,0,1.0
S7,660,720,60,30,-0.17554166666666676,26.572282171668352,-174.45,111.37,285.82,1,0,1.0
S7,690,750,60,30,0.07385416666666661,23.151590558875558,-174.45,111.37,285.82,1,0,1.0
S7,720,780,60,30,0.14729687499999994,16.881633874612035,-119.03,80.02,199.05,1,0,1.0
S7,750,810,60,30,-0.03107291666666677,13.412778320927766,-44.82,58.52,103.34,1,0,1.0
S7,780,840,60,30,-0.23697395833333335,13.307119742569082,-45.87,43.23,89.1,1,0,1.0
S7,810,870,60,30,0.03312760416666668,16.38738614676851,-125.12,123.95,249.07,1,0,1.0
S7,840,900,60,30,0.16150520833333332,16.719787554252832,-125.12,123.95,249.07,1,0,1.0
S7,870,930,60,30,0.005802083333333354,10.831731960925223,-105.86,58.5,164.36,1,0,1.0
S7,900,960,60,30,-0.016510416666666687,9.569058587441686,-66.68,98.84,165.52,1,0,1.0
S7,930,990,60,30,0.015666666666666655,22.778461552558568,-158.36,147.96,306.32000000000005,1,0,1.0
S7,960,1020,60,30,-0.01298177083333334,24.586103740216092,-158.36,147.96,306.32000000000005,1,0,1.0
S7,990,1050,60,30,0.0011953125000000306,15.141489467181547,-78.94,79.01,157.95,1,0,1.0
S7,1020,1080,60,30,-0.025856770833333258,12.04135342637448,-36.06,67.17,103.23,1,0,1.0
S7,1050,1110,60,30,-0.012606770833333317,10.436355266644616,-31.1,67.17,98.27000000000001,1,0,1.0
S7,1080,1140,60,30,0.002617187500000018,12.843843616824934,-134.58,115.76,250.34000000000003,1,0,1.0
S7,1110,1170,60,30,-0.008932291666666632,13.024310402634205,-134.58,115.76,250.34000000000003,1,0,1.0
S7,1140,1200,60,30,0.04561979166666667,9.905683947088574,-26.31,25.81,52.12,1,0,1.0
S7,1170,1230,60,30,-0.09529166666666672,14.162233872107318,-62.72,102.0,164.72,1,0,1.0
S7,1200,1260,60,30,-0.04852864583333337,13.785105195717293,-62.72,102.0,164.72,1,0,1.0
S7,1230,1290,60,30,-0.03148958333333332,25.442917427217832,-309.72,237.4,547.12,1,0,0.9438571428571428
S7,1560,1620,60,30,-0.0027682291666666875,6.16543924736502,-18.47,12.68,31.15,3,0,1.0
S7,1590,1650,60,30,-0.020489583333333335,6.166065835304401,-17.14,12.57,29.71,3,0,1.0
S7,1620,1680,60,30,-0.021085937499999992,6.095438624403067,-16.32,12.26,28.58,3,0,1.0
S7,1650,1710,60,30,0.01015364583333333,6.821304707979353,-17.44,12.79,30.23,3,0,1.0
S7,1680,1740,60,30,0.026760416666666686,7.149026020848329,-17.44,12.79,30.23,3,0,1.0
S7,1710,1770,60,30,0.004684895833333358,6.99267906267877,-18.29,15.34,33.629999999999995,3,0,1.0
S7,1740,1800,60,30,-0.037549479166666684,7.048716916348864,-18.29,15.34,33.629999999999995,3,0,1.0
S7,1770,1830,60,30,-0.007505208333333354,7.13392018553015,-34.76,17.74,52.5,3,0,1.0
S7,1800,1860,60,30,0.1158333333333333,7.094361404146175,-34.76,24.72,59.48,3,0,1.0
S7,1830,1890,60,30,0.03962500000000001,7.492868669677967,-25.0,24.72,49.72,3,0,1.0
S7,1860,1920,60,30,-0.13990885416666668,8.430629283861364,-25.0,15.62,40.62,3,0,1.0
S7,3090,3150,60,30,0.10336979166666642,67.29025519932539,-268.32,393.2,661.52,2,1,0.8894761904761905
S7,3120,3180,60,30,-0.051117187500000466,73.99567301135204,-268.32,393.2,661.52,2,1,1.0
S7,3150,3210,60,30,-0.048700520833333476,66.59034199283565,-256.79,309.54,566.33,2,1,1.0
S7,3180,3240,60,30,-0.01992968750000014,73.91320008244365,-284.33,600.91,885.24,2,1,1.0
S7,3210,3270,60,30,-0.5066354166666671,78.21153751993157,-351.94,600.91,952.8499999999999,2,1,1.0
S7,3240,3300,60,30,-0.13821093750000024,69.24750608063655,-351.94,460.64,812.5799999999999,2,1,1.0
S7,3270,3330,60,30,0.4488828125000001,69.76137152992526,-308.03,278.18,586.21,2,1,1.0
S7,3300,3360,60,30,-0.0686953124999999,73.27256471054723,-308.03,344.89,652.92,2,1,1.0
S7,3330,3390,60,30,0.2805208333333332,71.48501707044677,-297.11,391.5,688.61,2,1,1.0
S7,3360,3420,60,30,0.3535494791666665,54.182356834256844,-283.51,391.5,675.01,2,1,1.0
S7,3390,3450,60,30,-0.2842265625,26.306976919863125,-132.06,178.46,310.52,2,1,1.0
S7,3420,3480,60,30,0.21521875000000001,26.266392904282622,-99.6,127.38,226.98,2,1,1.0
S7,3450,3510,60,30,0.024666666666666674,38.88853385389523,-138.94,165.09,304.03,2,1,1.0
S7,3480,3540,60,30,-0.314375,39.245734737396944,-138.94,165.09,304.03,2,1,1.0
S7,3510,3570,60,30,0.06964843749999995,35.01258666620756,-104.68,181.18,285.86,2,1,1.0
S7,3540,3600,60,30,0.08951302083333326,34.21682591466236,-109.21,181.18,290.39,2,1,1.0
S7,3570,3630,60,30,-0.09690104166666667,30.205844988846238,-109.21,101.13,210.33999999999997,2,1,1.0
S7,3600,3660,60,30,-0.11320572916666666,36.375220749750675,-299.87,248.28,548.15,2,1,1.0
S7,3630,3690,60,30,0.07853645833333335,35.28355258863132,-299.87,248.28,548.15,2,1,1.0
S7,3660,3720,60,30,0.0661432291666667,26.203054892975306,-108.26,74.81,183.07,2,1,1.0
S7,3690,3750,60,30,0.0016848958333331998,29.9774085562723,-96.75,92.84,189.59,2,1,0.7771904761904762
S8,150,210,60,30,0.1104583333333335,36.87844542022952,-128.88,115.64,244.51999999999998,1,0,0.8578095238095238
S8,180,240,60,30,0.14235156250000008,37.38354073564589,-95.8,92.87,188.67000000000002,1,0,1.0
S8,210,270,60,30,-0.021523437499999624,53.64142192457799,-386.4,195.91,582.31,1,0,1.0
S8,240,300,60,30,-0.06483854166666626,54.00383986516389,-386.4,195.91,582.31,1,0,1.0
S8,270,330,60,30,-0.06062239583333325,38.01857454481842,-138.96,102.35,241.31,1,0,1.0
S8,300,360,60,30,-0.019645833333333394,42.62358204789123,-225.37,196.91,422.28,1,0,1.0
S8,330,390,60,30,0.025552083333333215,42.124502520027306,-225.37,196.91,422.28,1,0,1.0
S8,360,420,60,30,0.060460937500000034,35.410194472411405,-76.67,48.43,125.1,1,0,1.0
S8,390,450,60,30,-0.028559895833333352,43.21338156021591,-223.43,334.89,558.3199999999999,1,0,1.0
S8,420,480,60,30,0.029877604166666686,49.25345033821889,-223.43,334.89,558.3199999999999,1,0,1.0
S8,450,510,60,30,0.11169531250000012,40.68365985226592,-170.23,153.82,324.04999999999995,1,0,1.0
S8,480,540,60,30,-0.07741145833333342,35.308256382441236,-184.5,194.15,378.65,1,0,1.0
S8,510,570,60,30,-0.2087187500000001,33.10071826817079,-184.5,194.15,378.65,1,0,1.0
S8,540,600,60,30,0.07863281250000011,49.830659739601316,-328.77,231.43,560.2,1,0,1.0
S8,570,630,60,30,0.21309114583333347,55.44514862683758,-328.77,231.43,560.2,1,0,1.0
S8,600,660,60,30,-0.025502604166666654,38.881798924586455,-133.81,152.47,286.28,1,0,1.0
S8,630,690,60,30,-0.1275234375000003,60.94817123433111,-377.95,337.06,715.01,1,0,1.0
S8,660,720,60,30,0.007950520833332985,62.43875972154844,-377.95,337.06,715.01,1,0,1.0
S8,690,750,60,30,0.009716145833333245,36.21456200905885,-143.51,190.65,334.15999999999997,1,0,1.0
S8,720,780,60,30,0.08096354166666662,30.181712121276146,-79.3,90.23,169.53,1,0,1.0
S8,750,810,60,30,-0.1865130208333335,68.4784210243783,-401.83,447.49,849.3199999999999,1,0,1.0
S8,780,840,60,30,0.5678645833333318,129.6293611596491,-1101.54,1330.79,2432.33,1,0,1.0
S8,810,870,60,30,0.037614583333331925,120.28533124858002,-1101.54,1330.79,2432.33,1,0,1.0
S8,840,900,60,30,-0.5381171874999998,76.54410810197537,-364.97,554.21,919.1800000000001,1,0,1.0
S8,870,930,60,30,0.3494088541666666,83.89342148356005,-364.97,554.21,919.1800000000001,1,0,1.0
S8,900,960,60,30,-0.18636197916666689,80.13023634520718,-506.43,580.07,1086.5,1,0,1.0
S8,930,990,60,30,-0.14503125000000003,59.37466287710489,-506.43,580.07,1086.5,1,0,1.0
S8,960,1020,60,30,0.18047395833333332,26.988619861247937,-265.59,135.16,400.75,1,0,1.0
S8,990,1050,60,30,-0.11976822916666675,29.06404858192203,-265.59,135.16,400.75,1,0,1.0
S8,1020,1080,60,30,-0.07973697916666672,27.77440249054625,-78.15,120.61,198.76,1,0,1.0
S8,1050,1110,60,30,-0.20317187500000003,35.070699171186696,-141.98,188.65,330.63,1,0,1.0
S8,1080,1140,60,30,0.01951822916666662,38.95115551415245,-146.15,228.52,374.67,1,0,1.0
S8,1110,1170,60,30,0.45770572916666635,41.302446301539206,-146.15,228.52,374.67,1,0,1.0
S8,1140,1200,60,30,-0.03212760416666696,37.544345955252375,-124.34,181.05,305.39,1,0,1.0
S8,1170,1230,60,30,-0.2043880208333334,23.5975921163152,-124.34,141.2,265.53999999999996,1,0,1.0
S8,1200,1260,60,30,0.16611979166666663,26.374377278316604,-86.09,149.6,235.69,1,0,1.0
S8,1230,1290,60,30,0.07486979166666649,43.87490751336078,-178.23,200.88,379.11,1,0,1.0
S8,1260,1320,60,30,-0.31760416666666663,90.7809561205202,-768.25,819.37,1587.62,1,0,1.0
S8,1650,1710,60,30,0.0648333333333331,59.467612211688156,-563.67,362.9,926.5699999999999,3,0,0.7911428571428571
S8,1680,1740,60,30,-0.45869531249999995,37.02098021154805,-217.83,149.2,367.03,3,0,1.0
S8,1710,1770,60,30,0.04777083333333341,45.97366986678787,-343.01,271.63,614.64,3,0,1.0
S8,1740,1800,60,30,0.32722656250000004,51.51260571493563,-343.01,271.63,614.64,3,0,1.0
S8,1770,1830,60,30,-0.08474739583333342,41.30989055410872,-234.43,251.38,485.81,3,0,1.0
S8,1800,1860,60,30,-0.48659635416666674,39.31492167426684,-180.11,370.9,551.01,3,0,1.0
S8,1830,1890,60,30,0.09751822916666668,39.848141222884394,-186.88,370.9,557.78,3,0,1.0
S8,1860,1920,60,30,0.4225338541666665,47.20652207114544,-313.92,301.06,614.98,3,0,1.0
S8,1890,1950,60,30,-0.1478177083333335,47.86876888549154,-313.92,301.06,614.98,3,0,1.0
S8,1920,1980,60,30,0.019000000000000038,40.560221576225395,-232.76,150.55,383.31,3,0,1.0
S8,1950,2010,60,30,0.11932031250000001,36.85137411124561,-232.76,192.27,425.03,3,0,1.0
S8,1980,2040,60,30,-0.06948697916666663,25.873163749706013,-86.49,192.27,278.76,3,0,0.8755
S8,3300,3360,60,30,-0.16443229166666562,123.7325337787225,-579.86,362.16,942.02,2,1,1.0
S8,3330,3390,60,30,0.8063229166666667,152.90051328079687,-717.85,1024.11,1741.96,2,1,1.0
S8,3360,3420,60,30,0.23090624999999948,161.7020594872183,-717.85,1024.11,1741.96,2,1,1.0
S8,3390,3450,60,30,-0.7020078125000002,152.74041633381802,-664.36,654.04,1318.4,2,1,1.0
S8,3420,3480,60,30,0.021041666666667305,164.91468707953192,-664.36,1029.67,1694.0300000000002,2,1,1.0
S8,3450,3510,60,30,0.009062500000000995,152.13873433346896,-618.26,1029.67,1647.93,2,1,1.0
S8,3480,3540,60,30,0.406190104166667,127.617070301483,-680.77,527.03,1207.8,2,1,1.0
S8,3510,3570,60,30,0.4129140625000004,117.29446936677911,-680.77,527.03,1207.8,2,1,1.0
S8,3540,3600,60,30,-0.5317552083333331,140.97190254563463,-669.51,502.06,1171.57,2,1,1.0
S8,3570,3630,60,30,-0.49713802083333325,136.3581976169968,-669.51,502.06,1171.57,2,1,1.0
S8,3600,3660,60,30,0.2717265625000001,101.74857435509857,-759.9,462.5,1222.4,2,1,1.0
S8,3630,3690,60,30,0.18276822916666705,89.9054413398833,-759.9,462.5,1222.4,2,1,1.0
S8,3660,3720,60,30,-0.23119010416666655,76.5922964615602,-496.5,339.81,836.31,2,1,1.0
S8,3690,3750,60,30,-0.6006197916666671,73.13254558029112,-496.5,339.81,836.31,2,1,1.0
S8,3720,3780,60,30,0.2621614583333332,76.54293257582482,-324.12,335.06,659.1800000000001,2,1,1.0
S8,3750,3810,60,30,1.0267890625000005,98.82232358810097,-586.03,397.85,983.88,2,1,1.0
S8,3780,3840,60,30,-0.3253958333333332,84.89735694409642,-586.03,397.85,983.88,2,1,1.0
S8,3810,3870,60,30,-0.9513020833333333,43.13870565267243,-212.61,167.95,380.56,2,1,1.0
S8,3840,3900,60,30,0.2291171875000001,29.23626811796324,-98.26,127.17,225.43,2,1,1.0
S8,3870,3930,60,30,0.35680729166666686,28.314483856440212,-105.63,127.17,232.8,2,1,1.0
S8,3900,3960,60,30,-0.06069531249999976,40.76430504616445,-279.43,253.32,532.75,2,1,1.0
S9,60,120,60,30,0.31714583333333324,66.76218909643005,-303.29,210.64,513.9300000000001,1,0,0.745904761904762
S9,90,150,60,30,-0.055223958333333406,51.275673093581545,-208.87,267.59,476.46,1,0,1.0
S9,120,180,60,30,-0.1989869791666667,37.353141641074366,-171.9,267.59,439.49,1,0,1.0
S9,150,210,60,30,0.008981770833333262,32.62261175533393,-155.69,232.92,388.61,1,0,1.0
S9,180,240,60,30,-0.0890390625000001,37.163790882369284,-155.69,232.92,388.61,1,0,1.0
S9,210,270,60,30,-0.03354947916666662,31.116284237018178,-150.36,137.38,287.74,1,0,1.0
S9,240,300,60,30,0.14714062500000014,23.023516493355398,-112.98,118.87,231.85000000000002,1,0,1.0
S9,270,330,60,30,0.05188281249999995,30.945827547940805,-210.38,130.95,341.33,1,0,1.0
S9,300,360,60,30,0.08677343749999995,42.35101801869115,-257.26,149.91,407.16999999999996,1,0,1.0
S9,330,390,60,30,-0.0353776041666664,38.59152529570556,-257.26,149.91,407.16999999999996,1,0,1.0
S9,360,420,60,30,-0.5284687499999997,26.74428038344255,-175.09,126.85,301.94,1,0,1.0
S9,390,450,60,30,0.09297916666666683,36.22130893648769,-175.09,211.71,386.8,1,0,1.0
S9,420,480,60,30,0.34531770833333336,46.48063408900236,-149.65,268.62,418.27,1,0,1.0
S9,450,510,60,30,-0.1654661458333334,40.43942291591574,-158.47,268.62,427.09000000000003,1,0,1.0
S9,480,540,60,30,0.12555729166666654,26.23849122317426,-158.47,144.83,303.3,1,0,1.0
S9,510,570,60,30,0.0633072916666666,15.904148114215522,-111.34,56.74,168.08,1,0,1.0
S9,540,600,60,30,0.45103645833333333,36.60410197682659,-382.5,215.13,597.63,1,0,1.0
S9,570,630,60,30,-0.23362500000000003,67.28094146302533,-382.5,405.17,787.6700000000001,1,0,1.0
S9,600,660,60,30,-0.49706249999999985,67.51780677174672,-290.75,405.17,695.9200000000001,1,0,1.0
S9,630,690,60,30,0.2487265625000004,64.78874089483243,-467.8,320.78,788.5799999999999,1,0,1.0
S9,660,720,60,30,0.06420833333333362,67.23225837843714,-467.8,320.78,788.5799999999999,1,0,1.0
S9,690,750,60,30,0.6711848958333336,57.2283031787228,-300.24,290.12,590.36,1,0,1.0
S9,720,780,60,30,-0.26505989583333295,51.43519678315047,-234.21,240.08,474.29,1,0,1.0
S9,750,810,60,30,-0.8050260416666665,43.28197385133991,-184.3,240.08,424.38,1,0,1.0
S9,780,840,60,30,-0.046937499999999764,51.383966193930675,-293.39,237.0,530.39,1,0,1.0
S9,810,870,60,30,0.7501041666666671,54.88015261960966,-293.39,237.0,530.39,1,0,1.0
S9,840,900,60,30,0.3214036458333338,47.14086157943715,-244.39,219.08,463.47,1,0,1.0
S9,870,930,60,30,-0.7943802083333329,47.44558274334336,-221.08,189.24,410.32000000000005,1,0,1.0
S9,900,960,60,30,-0.06727604166666647,56.47867904707906,-221.08,263.65,484.73,1,0,1.0
S9,930,990,60,30,0.0840598958333332,62.15825162230035,-266.19,263.65,529.8399999999999,1,0,1.0
S9,960,1020,60,30,-0.1697317708333332,57.61243650649148,-266.19,277.3,543.49,1,0,1.0
S9,990,1050,60,30,-0.010971354166666518,53.74917414597344,-202.21,277.3,479.51,1,0,1.0
S9,1020,1080,60,30,0.08788802083333346,64.05078042266999,-352.12,207.84,559.96,1,0,1.0
S9,1050,1110,60,30,0.025343750000000043,53.765821704198565,-352.12,186.83,538.95,1,0,1.0
S9,1080,1140,60,30,-0.20421614583333347,38.7441275921288,-198.89,323.66,522.55,1,0,1.0
S9,1110,1170,60,30,-0.20777083333333338,57.390280619754336,-250.78,323.66,574.44,1,0,1.0
S9,1140,1200,60,30,0.2068281250000002,64.0616664099558,-292.89,254.9,547.79,1,0,1.0
S9,1170,1230,60,30,0.24845052083333338,69.12715218861898,-456.32,257.8,714.12,1,0,1.0
S9,1200,1260,60,30,-0.05173697916666661,61.0305869363929,-456.32,257.8,714.12,1,0,0.9207619047619048
S9,1860,1920,60,30,-0.06004427083333338,68.33332918894641,-467.56,360.67,828.23,2,1,0.7959047619047619
S9,1890,1950,60,30,0.04610156250000017,62.52270885142368,-437.17,300.96,738.13,2,1,1.0
S9,1920,1980,60,30,0.1009036458333334,58.78382698047043,-437.17,300.96,738.13,2,1,1.0
S9,1950,2010,60,30,-0.07366927083333351,41.2083045275008,-253.51,234.67,488.17999999999995,2,1,1.0
S9,1980,2040,60,30,0.038460937500000014,39.04241146991941,-202.44,192.6,395.03999999999996,2,1,1.0
S9,2010,2070,60,30,0.22630989583333352,44.76290973065766,-224.92,297.08,522.0,2,1,1.0
S9,2040,2100,60,30,0.0019244791666663966,69.8578482017942,-462.43,389.23,851.6600000000001,2,1,1.0
S9,2070,2130,60,30,-0.5061953125000004,72.65817176152643,-462.43,389.23,851.6600000000001,2,1,1.0
S9,2100,2160,60,30,0.06570572916666682,73.11563880195955,-367.4,314.81,682.21,2,1,1.0
S9,2130,2190,60,30,0.3714921875000002,70.00588484517331,-367.4,314.81,682.21,2,1,1.0
S9,2160,2220,60,30,-0.13974739583333307,52.80034331104596,-403.25,274.06,677.31,2,1,1.0
S9,2190,2250,60,30,0.02066666666666673,48.2608230485804,-403.25,231.05,634.3,2,1,1.0
S9,2220,2280,60,30,0.04848958333333324,35.39006850092115,-180.98,138.8,319.78,2,1,1.0
S9,2250,2310,60,30,-0.04175260416666668,25.047039169793507,-80.6,104.35,184.95,2,1,1.0
S9,2280,2340,60,30,0.08472135416666655,20.733840820812077,-56.79,68.98,125.77000000000001,2,1,1.0
S9,2310,2370,60,30,0.14445833333333324,21.836781192098737,-67.16,103.31,170.47,2,1,1.0
S9,2340,2400,60,30,-0.2231796874999999,22.477683846729978,-67.16,103.31,170.47,2,1,1.0
S9,2370,2430,60,30,-0.08610416666666658,22.620726374223324,-64.14,87.61,151.75,2,1,1.0
S9,2400,2460,60,30,0.1316328125,25.16257470628847,-107.71,117.6,225.31,2,1,1.0
S9,2430,2490,60,30,0.014700520833333404,58.56363452266314,-755.34,331.38,1086.72,2,1,1.0
S9,2460,2520,60,30,0.2744635416666667,57.26201190510639,-755.34,331.38,1086.72,2,1,0.9540952380952381
S9,4050,4110,60,30,0.3926901041666667,49.851327278048785,-316.06,288.3,604.36,3,0,0.8625714285714285
S9,4080,4140,60,30,0.015971354166666788,16.09948442964001,-106.6,80.95,187.55,3,0,1.0
S9,4110,4170,60,30,0.001171875000000037,11.856152204026495,-29.75,37.87,67.62,3,0,1.0
S9,4140,4200,60,30,-0.0023489583333333804,13.006702503064645,-35.96,37.87,73.83,3,0,1.0
S9,4170,4230,60,30,0.0219557291666666,12.29502927605631,-35.96,31.12,67.08,3,0,1.0
S9,4200,4260,60,30,0.06016145833333329,13.219907619720011,-61.41,48.61,110.02,3,0,1.0
S9,4230,4290,60,30,0.01786979166666663,13.650216628459752,-61.41,48.61,110.02,3,0,1.0
S9,4260,4320,60,30,-0.06933333333333334,13.634714832587157,-82.67,46.46,129.13,3,0,1.0
S9,4290,4350,60,30,0.05752083333333336,12.912753347368744,-82.67,46.46,129.13,3,0,1.0
S9,4320,4380,60,30,0.022776041666666705,11.646233437604451,-66.81,39.4,106.21000000000001,3,0,1.0
S9,4350,4410,60,30,-0.07115624999999998,16.301014218400724,-70.53,149.37,219.9,3,0,1.0
S9,4380,4440,60,30,-0.024515624999999975,19.373695411045468,-109.78,149.37,259.15,3,0,0.8374285714285714
